GPA,ACT Score,SAT Score,Clearing House
2.6,N/A,N/A,N/A
3.5,N/A,N/A,N/A
3.85,na,N/A,N/A
None,N/A,N/A,N/A
3.35,N/A,N/A,N/A
4.1,N/A,N/A,N/A
3.1,N/A,N/A,N/A
3.6,N/A,N/A,N/A
4,N/A,N/A,N/A
3.4,17,N/A,N/A
3.5,n/a,N/A,N/A
3.4,N/A,N/A,N/A
2.9,N/A,N/A,N/A
3.2,N/A,N/A,N/A
3.2,N/A,N/A,N/A
2.7,N/A,N/A,N/A
4.48,N/A,N/A,N/A
3,N/A,N/A,N/A
3.9,N/A,N/A,N/A
2.7,N/A,N/A,N/A
2.7,N/A,N/A,N/A
3.8,N/A,N/A,N/A
3.84,N/A,N/A,1902418293
3.5,N/A,N/A,N/A
3.7,N/A,N/A,N/A
3.5,N/A,N/A,N/A
3,N/A,N/A,N/A
2.9,N/A,N/A,N/A
2.5,N/A,N/A,N/A
4,N/A,N/A,N/A
4,N/A,N/A,N/A
2.3,N/A,N/A,N/A
3,N/A,N/A,N/A
3.7,N/A,N/A,N/A
3,N/A,N/A,N/A
4,None ,N/A,N/A
4,N/A,N/A,N/A
3,N/A,N/A,N/A
3.5,N/A,N/A,N/A
3.89,N/A,N/A,N/A
3.68,N/A,N/A,N/A
4.1,N/A,N/A,N/A
2.4 Core,N/A (taking this year),N/A ,N/A
2.4,N/A,N/A,N/A
2,Didn’t do it yet ,N/A,N/A
3.4,N/A,N/A,N/A
3.2,N/A,N/A,N/A
3.6,NA,N/A,N/A
3.8,N/A,N/A,N/A
3.73,N/A,N/A,N/A
3.5,N/A,N/A,N/A
2.8,N/A,N/A,N/A
3.4,N/A,N/A,N/A
3.6,N/A,N/A,N/A
3,N/A,N/A,N/A
4,N/A,N/A,N/A
3.2,N/A,N/A,N/A
3.6,N/A,N/A,N/A
3.6,N/A,N/A,N/A
3.8,None,N/A,N/A
4.2,N/A,N/A,N/A
3.5,N/A,N/A,N/A
3,N/A,N/A,N/A
2.5,N/a,N/A,N/A
3.4,N/A,N/A,N/A
3.2,N/A,N/A,N/A
2.5,N/A,N/A,N/A
3.3,N/A,N/A,N/A
3,19,N/A,N/A
3,Unavailable ,N/A,N/A
3.5,N/A,N/A,N/A
4,N/A,N/A,N/A
2.9,N/A,N/A,N/A
2.7,N/A,N/A,N/A
3,N/A,N/A,N/A
3.44,N/A,N/A,N/A
2,N/A,N/A,N/A
Haven't Started HS,N/A,N/A,N/A
3.5,N/A,N/A,N/A
3.3,haven’t taken it yet ,N/A,N/A
3.7,N/A,N/A,N/A
4,N/A,N/A,N/A
2.5,n/a,N/A,N/A
4,N/A,N/A,N/A
3.6,N/A,N/A,N/A
2.8,N/A,N/A,N/A
4.13,N/A,N/A,N/A
3.9,None,N/A,N/A
4.0 weighted,Na,Na,1904538580
3.65,N/A,N/A,N/A
3.4,N/A,N/A,N/A
3.5 GPA,N/A,N/A,N/A
3.92,23,N/A,N/A
3.92,N/A,N/A,N/A
3.739,N/A,N/A,N/A
3.5,N/A,N/A,N/A
3.091,N/A,N/A,N/A
3.4,N/A,N/A,N/A
4.4,N/A,N/A,N/A
3.8,N/A,N/A,N/A
3.5,17,N/A,N/A
3.1,N/A,N/A,N/A
3.94,N/A,N/A,N/A
3.9,N/A,N/A,N/A
2.9,N/A,N/A,N/A
3.5,N/A,N/A,N/A
3.5,N/A,N/A,N/A
3.2,None,N/A,N/A
3.8,N/A,N/A,N/A
3.6,Haven’t taken yet ,N/A,N/A
3.9,N/A,N/A,N/A
2.8,N/A,N/A,N/A
4.06,23,N/A,1909676000
4,26,N/A,N/A
4,N/A,N/A,N/A
3,21,N/A,N/A
4,N/A,N/A,N/A
3.6,N/A,N/A,N/A
2.96,21,None,N/A
3.85,N/A,N/A,N/A
3.3,N/a,N/A,N/A
2.9,N/A,N/A,N/A
2.8,N/A,N/A,N/A
3.9,N/A,N/A,N/A
2.8,N/A,N/A,N/A
3.2,N/A,N/A,N/A
3.67,N/A,N/A,N/A
3,na,N/A,N/A
3.8,N/A,N/A,N/A
3,N/A,N/A,N/A
3,N/A,N/A,N/A
3.9,N/A,N/A,N/A
3.02,N/A,N/A,N/A
3.83,N/A,N/A,N/A
3.8,Not Taken Yet,N/A,N/A
3.25,N/A,N/A,N/A
2.9,N/a,N/A,N/A
2.5,N/A,N/A,N/A
3.3,N/A,N/A,N/A
2.6,N/A,N/A,N/A
3,N/A,N/A,N/A
3.1,N/A,N/A,N/A
3.1,N/A,N/A,N/A
3.5,N/A,N/A,N/A
3.793,N/A,N/A,N/A
3.5,N/A,N/A,NCAA ID# 2010948429
3.5,N/A,N/A,N/A
3.8,N/A,N/A,N/A
3.7,25,N/A,N/A
3.5,N/A,N/A,N/A
3.86,N/A,N/A,2003826134
4.3,N/A,1360,2001783060
2.4,N/A,N/A,N/A
4.74,N/A,N/A,N/A
3.6,N/A,N/A,N/A
3.15,N/a,N/A,N/A
3.4,N/A,N/A,N/A
3,N/A,N/A,N/A
2.517,N/A,N/A,N/A
3.4,N/A,N/A,N/A
3.4,N/A,N/A,N/A
4,N/A,N/A,N/A
2.8,N/A,N/A,N/A
3.11,N/A,N/A,N/A
3.8,19,N/A,2001773912
3.7,n/a,N/A,N/A
3,N/A,N/A,N/A
3,N/A,N/A,N/A
3.7,21,N/A,N/A
3.782,N/A,N/A,N/A
2.72,N/A,N/A,N/A
4.38,N/A,N/A,N/A
3.39,N/A,N/A,N/A
3.7,N/A,N/A,N/A
4.4,N/A,N/A,N/A
3.5,N/A,N/A,N/A
3.65,22,N/A,N/A
3,N/A,N/A,N/A
3.8,N/A,N/A,N/A
3.3,N/A,N/A,N/A
3.2,N/A,N/A,N/A
2.5,N/A,N/A,N/A
3.9,N/A,N/A,N/A
3.8,N/A,N/A,N/A
4.1,N/A,N/A,N/A
3.7,N/A,N/A,N/A
2.8,TBD,TBD,N/A
2.5,N/A,N/A,N/A
2.3,0/0,N/A,N/A
3.4,N/A,N/A,N/A
3,Didn't take it yet,N/A,N/A
2.8,N/A,N/A,N/A
3,none,N/A,N/A
4,N/A,N/A,N/A
3.2,N/A,N/A,N/A
3.67,N/A,N/A,N/A
3.28,n/a,N/A,N/A
3.1,N/A,N/A,N/A
4.3,N/A,N/A,N/A
3.7,N/A,N/A,N/A
--,--,N/A,N/A
3.2,N/A,N/A,N/A
3.63,22,N/A,N/A
4,N/A,N/A,N/A
2.6,N/A,N/A,N/A
2.7,N/A,N/A,N/A
4,N/A,N/A,N/A
3.2,N/A,N/A,2003827089
4.15,N/A,N/A,N/A
3.5,N/A,N/A,N/A
3.2,N/A,N/A,N/A
3.4,N/A,N/A,N/A
3.5,N/A,N/A,N/A
3,N/A,N/A,N/A
2.8,Unknown ,N/A,N/A
3.35,N/A,N/A,N/A
3.2,21,N/A,N/A
2.9,N/A,N/A,N/A
3.7,N/A,N/A,N/A
2.7,N/A,N/A,N/A
2.8,N/A,N/A,N/A
3.3,N/A,N/A,N/A
4,N/A,N/A,N/A
2.6,N/A,N/A,N/A
3,N/A,N/A,N/A
3.4,n/a,N/A,N/A
3.9,N/A,N/A,N/A
3.3,N/a,N/A,N/A
3,TBD,N/A,N/A
3.5,N/A,N/A,N/A
3.3,N/A,N/A,N/A
3.4,N/A,N/A,N/A
3.5,N/A,N/A,N/A
3.93,N/A,N/A,N/A
3.2,No taken ,N/A,N/A
3.1,None,N/A,N/A
3.75,N/A,N/A,N/A
3.5,N/A,N/A,N/A
4,N/A,N/A,N/A
2.8,N/A,N/A,N/A
4.1,N/A,N/A,N/A
3,N/A,N/A,N/A
3.912,19,N/A,N/A
3.7,N/A,N/A,N/A
3,N/A,N/A,N/A
4.2,N/A,N/A,N/A
2.9,19,N/A,N/A
2.7,N/A,N/A,N/A
3.9,N/A,N/A,N/A
3.5,N/A,N/A,N/A
3.02,N/A,N/A,N/A
3.6,Not Yet Taken,Not Yet Taken,2005860636
3,N/A,N/A,N/A
3.51,N/a,N/A,N/A
3.67,N/A,N/A,N/A
3.25,N/A,N/A,N/A
3.53,N/A,N/A,N/A
4.01,N/A,N/A,N/A
3.7,N/A,N/A,N/A
3.3,N/A,N/A,N/A
3,N/A,N/A,N/A
3.4,18,N/A,N/A
3.6,N/A,N/A,2009915553
2.98,N/A,N/A,N/A
3,N/A,N/A,N/A
3,N/A,N/A,N/A
3,N/A,N/A,N/A
3.7,N/A,N/A,N/A
4.28,N/A,N/A,N/A
3.8,N/A,N/A,N/A
3.26,20,N/A,N/A
2.3,N/A,N/A,N/A
3,N/A,N/A,N/A
3.6,N/A not taken yet ,N/A,N/A
3.7,N/A,N/A,N/A
3,N/A,N/A,N/A
3.3,N/A,N/A,N/A
2.8,N/A,N/A,N/A
1.9,N/A,N/A,N/A
3.86,N/A,N/A,N/A
3.2,N/A,N/A,N/A
3.85,NA,N/A,N/A
4.25,N/A,N/A,N/A
2.8,N/A,N/A,N/A
3,N/A,N/A,N/A
3.8,n/a,N/A,N/A
3.5,N/A,N/A,N/A
4,N/A,N/A,N/A
3.5,N/A,N/A,N/A
3.9,N/A,N/A,N/A
3.4,N/A,N/A,N/A
4,N/A,N/A,N/A
2.8,N/A,N/A,N/A
4.1,N/A,N/A,N/A
3.8,N/A,N/A,N/A
4,N/A,N/A,N/A
2.5,N/A,N/A,N/A
3.4,N/A,N/A,N/A
4.11,N/A,N/A,N/A
3.89,N/A,N/A,N/A
3.25,N/A,N/A,N/A
3.8,N/A,N/A,N/A
4,N/A,N/A,N/A
3.87,N/A,N/A,N/A
3.5,N/A,N/A,N/A
3.826,N/A,N/A,N/A
3.6,N/A,N/A,N/A
3.2,N/A,N/A,N/A
3.5,N/A,N/A,N/A
3.2,N/A,N/A,N/A
3.2,N/A,N/A,N/A
3.04,20 (Pre-ACT taken as sophmore),N/A,N/A
3.7,N/A,N/A,N/A
3.8,N/A,N/A,N/A
3.1,N/A,N/A,N/A
3.1,n/a,N/A,N/A
3.5,‘N/A,N/A,N/A
3.1,N/A,N/A,N/A
3.7,N/A,N/A,N/A
3.2,NA,N/A,N/A
3.8,N/A,N/A,N/A
3.4,N/A,N/A,N/A
3.3,N/A,N/A,N/A
3.5833,N/A,N/A,N/A
4,N/A,N/A,N/A
3.3,N/A,N/A,N/A
4.38,23,N/A,N/A
3.3,N/A,N/A,N/A
4.41,N/A,N/A,N/A
3.2,N/A,N/A,N/A
3,N/A,N/A,N/A
3,N/A,N/A,N/A
3.6,N/A,N/A,N/A
3.1,TBD,N/A,N/A
3.8,None,N/A,N/A
4.2,N/A,N/A,N/A
3,N/A,N/A,N/A
3,N/A,N/A,N/A
4,N/A,N/A,N/A
4,N/A,N/A,N/A
3,N/A,N/A,N/A
3,N/a,N/A,N/A
3,N/A,N/A,N/A
3,Not sure ,N/A,N/A
4.2,N/A,N/A,N/A
3.85/3.99,N/A,N/A,N/A
3.91,26,N/A,N/A
3.5,N/A,N/A,N/A
3,N/A,N/A,N/A
2.5,N/A,N/A,N/A
3,N/A,N/A,N/A
3,N/A,N/A,N/A
3.7,N/A,N/A,N/A
3.6,N/A,N/A,N/A
3.67,N/A,N/A,N/A
3.67,N/A,N/A,N/A
4.15,N/A,N/A,N/A
4,N/A,N/A,N/A
3.5,N/A,N/A,N/A
3.2,N/A,N/A,N/A
3.8,N/A,N/A,N/A
3.64,N/A,N/A,N/A
3.8,N/A,N/A,N/A
3.5,N/A,N/A,N/A
3.5,Haven’t taken yet only a sophomore ,N/A,N/A
3.3,Not taken,N/A,N/A
2.5,N/A,N/A,N/A
3.5,N/A,N/A,N/A
3.6,TBA,N/A,N/A
3.5,N/A,N/A,N/A
3.7,None ,N/A,N/A
2.9,N/A,N/A,N/A
3.4,N/A,N/A,N/A
4,N/A,N/A,N/A
2.8,None,N/A,N/A
3.2,N/A,N/A,N/A
3.2,N/A,N/A,N/A
4.07,N/A,N/A,N/A
3.7,N/A,N/A,N/A
3.6,N/A,N/A,N/A
3.5,N/A,N/A,N/A
3.3,N/A,N/A,N/A
3.67,N/A,N/A,N/A
4,N/A,N/A,N/A
3.95,N/A,N/A,N/A
3.8,N/A,N/A,N/A
3.5,N/A,N/A,N/A
4.339,N/A,N/A,N/A
3.8,N/A,N/A,N/A
3.9,N/A,N/A,N/A
3.9,N/A,N/A,N/A
3.2,N/A,N/A,N/A
4.3,N/A,N/A,N/A
3.9,N/A,N/A,1909694494
3.6,N/A,N/A,N/A
4.417,35,N/A,N/A
89.259,N/A,N/A,N/A
3.6,N/A,N/A,N/A
3.5+,N/A,N/A,N/A
2.5,N/A,N/A,N/A
3.45,N/A,N/A,N/A
3,N/A,N/A,N/A
4,N/A,N/A,N/A
2,N/A,N/A,N/A
4.4,29,N/A,N/A
3,N/A,N/A,N/A
4,N/A,N/A,N/A
2.9,N/A,N/A,N/A
3.7,N/A,N/A,N/A
3.4,25,N/A,N/A
3.625,N/A,N/A,N/A
3.95,N/A,N/A,N/A
2.9,N/A,N/A,N/A
3.3,20,N/A,N/A
3,N/A,N/A,N/A
4.2,N/A,N/A,N/A
2.5,N/A,N/A,N/A
3.5,N/A,N/A,N/A
3.5,N/A,N/A,N/A
4.087,24,N/A,1909676037
3.3,N/A,N/A,N/A
3.9,N/A,N/A,N/A
3.4,N/A,N/A,N/A
3.9,N/A,N/A,N/A
3.4,N/A,N/A,N/A
3,N/A,N/A,N/A
3.7,N/A,N/A,N/A
2.75,N/A,N/A,N/A
3.833,N/A,N/A,N/A
3.5,N/A,N/A,N/A
2.9,N/A,N/A,N/A
4.5,N/A,N/A,N/A
3.7,N/A,N/A,N/A
3.6,N/A,N/A,N/A
3.7,N/A,N/A,N/A
3.5,N/A,N/A,N/A
3.6,N/A,N/A,N/A
3.2,N/A,N/A,N/A
3.68,N/A,N/A,N/A
3.3,N/A,N/A,N/A
3,N/A,N/A,N/A
3.25,20,na,na
3,N/A,N/A,N/A
3.6,N/A,N/A,N/A
2.5,N/A,N/A,N/A
3.4,N/A,N/A,N/A
3.9,N/A,N/A,N/A
4.07,N/A,N/A,N/A
4.028,N/A,N/A,N/A
3.6,N/A,N/A,N/A
3.4,N/A,N/A,N/A
4,N/A,N/A,N/A
3.75,20,N/A,N/A
3.2,22,N/A,N/A
3.1,N/A,N/A,N/A
3.5,N/A,N/A,N/A
NA ,NA,N/A,N/A
3.5,N/A,N/A,N/A
4,26,N/A,N/A
3.5,N/A,N/A,N/A
3.2,N/A,N/A,N/A
3.86,N/A,N/A,N/A
3.2,N/A,N/A,N/A
4.17,N/A,N/A,N/A
3.844,N/A,N/A,N/A
2.8,N/A,N/A,N/A
3.5,N/A,N/A,N/A
4,N/A,N/A,N/A
N/a,N/A,N/A,N/A
2.8,N/A,N/A,N/A
3.8,N/A,N/A,N/A
2.7,N/A,N/A,1903453869
3.85,N/A,N/A,N/A
3.594,N/A,N/A,N/A
3.2,N/A,N/A,N/A
2.8,N/A,N/A,N/A
3,N/A,N/A,N/A
3.3,N/A,N/A,N/A
3.8,N/A,N/A,N/A
3.7,N/A,N/A,N/A
4.766,NA,N/A,N/A
3.7,N/A,N/A,N/A
3.6,n/a,N/A,N/A
3.6,N/A,N/A,N/A
3.3,N/A,N/A,N/A
2.81,N/A,N/A,N/A
2.5,N/A,N/A,N/A
3.5,N/A,N/A,N/A
3.8,N/A,N/A,N/A
3,N/A,N/A,N/A
3,N/A,N/A,N/A
3.4,None,N/A,N/A
2.5,N/A,N/A,N/A
3.1,N/A,N/A,N/A
4.21,N/A,N/A,N/A
3.4,N/A,N/A,N/A
3.5,N/A,N/A,N/A
2.4,N/A,N/A,N/A
3.8,26,N/A,N/A
3.1,N/A,N/A,N/A
3.2,N/A,N/A,N/A
3.8,N/A,N/A,N/A
3.5,N/A,N/A,N/A
3.5,N/A,N/A,N/A
2.5,N/A,N/A,N/A
3,N/A,N/A,N/A
3.43,N/A,N/A,N/A
2.5,N/A,N/A,N/A
3,N/A,N/A,N/A
3.9,N/A,N/A,N/A
3.1,TBD,N/A,N/A
4.134,25,N/A,N/A
3.5,N/A,N/A,N/A
3.6,N/A,N/A,N/A
4.1,27,N/A,N/A
2.8,N/A,N/A,N/A
4,N/A,N/A,N/A
3.2,N/A,N/A,N/A
3.3,NA,N/A,N/A
4.375,22/only taken twice,N/A,N/A
3.8,N/A,N/A,N/A
Don’t know yet,N/A,N/A,N/A
3.2,N/A,N/A,N/A
3.5,N/A,N/A,N/A
2.8,N/A,N/A,N/A
2.6,N/A,N/A,N/A
3.6,N/A,N/A,N/A
4.5,N/A,N/A,N/A
3.9,N/A,N/A,N/A
3.5,N/A,N/A,N/A
3.4,N/A,N/A,N/A
3.3,N/A,N/A,N/A
3.7,N/A,N/A,N/A
4,N/A,N/A,N/A
3.8,N/A,N/A,N/A
4,N/A,N/A,N/A
4.71,24,N/A,N/A
3.9,29,N/A,N/A
3,N/A,N/A,N/A
2,N/A,N/A,N/A
3,N/A,N/A,N/A
3.2,N/A,N/A,N/A
4,N/A,N/A,N/A
3.7,18,N/A,N/A
4.5,N/A,N/A,N/A
3.5,N/A,N/A,N/A
3.4,N/A,N/A,N/A
3.8,N/A,N/A,N/A
3,N/A,N/A,N/A
3.5,N/A,N/A,N/A
4,N/A,N/A,N/A
3.5,N/A,N/A,N/A
3.8,N/A,N/A,N/A
4.1,25,N/A,N/A
3.7,N/A,N/A,N/A
3.1,N/A,N/A,N/A
2.8,N/A,N/A,N/A
3.5 Cum.,N/A,N/A,N/A
4,N/A,N/A,N/A
4,N/A,N/A,N/A
"3,2",N/A,N/A,N/A
3.4,N/A,N/A,N/A
3.7,N/A,N/A,N/A
3.61,N/A,N/A,N/A
4,N/A,N/A,N/A
3.4,N/A,N/A,N/A
3.6,N/A,N/A,N/A
3.7,N/A,N/A,N/A
2.85,N/A,N/A,N/A
3.89,24,N/A,N/A
2.5,N/A,N/A,N/A
3.3,N/A,N/A,N/A
2.9,N/A,N/A,N/A
4,N/A,N/A,N/A
3.8,N/A,N/A,N/A
2.3,N/A,N/A,N/A
3,N/A,N/A,N/A
3.8,20,N/A,N/A
3.1,21,N/A,N/A
3.97,N/A,N/A,N/A
2.9,N/A,N/A,N/A
3.4,N/a,N/A,N/A
3.6,N/A,N/A,N/A
3.2,N/A,N/A,N/A
3.4,N/A,N/A,N/A
3.3,N/A,N/A,N/A
3.5,N/A,N/A,N/A
3.4,N/A,N/A,N/A
3.5,N/A,N/A,N/A
3.5,N/A,N/A,N/A
2.9,N/A,N/A,N/A
3.5,N/A,N/A,N/A
3.8,N/A,N/A,N/A
3.1,N/A,N/A,N/A
3.2,N/A,N/A,N/A
3.4,N/A,N/A,N/A
3,N/A,N/A,N/A
2.3,N/A,N/A,N/A
3.41,N/A,N/A,N/A
3.38,N/A,N/A,N/A
2.4,N/A,N/A,N/A
3.9,N/A,N/A,N/A
3.5,None,N/A,N/A
3.8,N/A,N/A,N/A
3.83,N/A,N/A,N/A
3,N/A,N/A,N/A
2.3,N/A,N/A,N/A
3.66,N/A,N/A,N/A
3.93,N/A,N/A,N/A
3.4,N/A,N/A,N/A
3,N/A,N/A,N/A
3.65,N/A,N/A,N/A
4.18,N/A,N/A,N/A
3.3,N/A,N/A,N/A
3.45,N/A,N/A,N/A
2.901,N/A,N/A,N/A
3.4,N/A,N/A,N/A
4,22,N/A,N/A
3.85,N/A,N/A,N/A
3.9,N/A,N/A,N/A
3.5,N/A,N/A,N/A
4.6,24,N/A,N/A
3.7,N/A,N/A,N/A
3.2,N/A,N/A,N/A
3.5,N/A,N/A,N/A
2.25,N/A,N/A,N/A
4.02,tbd,N/A,N/A
4.167,N/A,N/A,N/A
3.5,N/A,N/A,N/A
3,N/A,N/A,N/A
3.75,N/A,N/A,N/A
2.8,N/A,N/A,N/A
3.3,N/A,N/A,N/A
3.9,N/A,N/A,N/A
4,21,N/A,N/A
3,N/A,N/A,N/A
3.5,N/A,N/A,N/A
3.8,N/A,N/A,N/A
4.33,N/A,N/A,2009913723
3.8,N/A,N/A,N/A
3.9,None,N/A,N/A
4,N/A,N/A,N/A
4.4,N/A,N/A,N/A
3.8,N/A,N/A,1904484105
3.8,N/A,N/A,2010945986
3.5,na,N/A,N/A
3.5,N/A,N/A,N/A
3.5,N/A,N/A,N/A
2.86,N/A,N/A,N/A
3.2,N/A,N/A,N/A
3.85,N/A,N/A,N/A
3.9,N/A,N/A,N/A
2.952,N/A,N/A,2009923635
3.1,N/A,N/A,N/A
3,N/A,N/A,N/A
2.8,N/A,N/A,N/A
4,N/A,N/A,N/A
3.4,N/A,N/A,N/A
3,N/A,N/A,N/A
3.2,N/A,N/A,N/A
4.3,na,1270,N/A
3.5,N/A,N/A,N/A
3.6,N/A,N/A,N/A
3,N/A,N/A,N/A
2.6,N/A,N/A,N/A
3.875,N/A,N/A,N/A
3.2,N/A,N/A,N/A
3.5,N/A,N/A,N/A
3.4,N/A (haven’t taken it),N/A,N/A
2.7,N/A,N/A,N/A
2.8,N/A,N/A,N/A
4,N/A,N/A,N/A
3.3,N/A,N/A,N/A
3.5,N/a,N/A,N/A
4.28,N/A,N/A,N/A
None,None,N/A,N/A
3.6,N/A,N/A,N/A
3,N/A,N/A,N/A
3.7,20,N/A,N/A
3,N/A,N/A,N/A
4,N/A,N/A,N/A
3.8,N/A,N/A,N/A
3.5,N/A,N/A,N/A
4.25,N/A,N/A,N/A
3.5,N/A,N/A,N/A
3.1,N/A,N/A,N/A
3.7,N/A,N/A,N/A
3,N/A,N/A,N/A
3.39,n/a,N/A,N/A
2.5,18,N/A,N/A
3.4,N/A,N/A,N/A
3.8,23,N/A,N/A
4,NA,N/A,N/A
3.9,25,N/A,N/A
3.8,Not taken yet,N/A,N/A
3.1,N/A,N/A,N/A
3,N/A,N/A,N/A
n/a,n/a,N/A,N/A
3.9,N/A,N/A,N/A
3.6,N/A,N/A,N/A
3.8,22,N/A,N/A
3,N/A,N/A,N/A
3.4,N/A,N/A,N/A
3,N/A,N/A,N/A
3.5,N/A,N/A,N/A
3,N/A,N/A,N/A
2.8 3.0 ,N/A,N/A,N/A
4,None ,N/A,N/A
3,N/A,N/A,N/A
3.92,Not taking,N/A,N/A
4,N/A,N/A,N/A
2.8,n/a,N/A,N/A
3.6,N/A,N/A,N/A
3,N/A,N/A,N/A
4.1,N/A,N/A,N/A
3.2,N/A,N/A,N/A
2.53,N/A,N/A,N/A
3.905,N/A,N/A,N/A
3.715,haven’t taken it,N/A,N/A
3.87,N/A,N/A,N/A
3.7,N/A,N/A,N/A
3.427,N/A,N/A,N/A
3.4,N/A,N/A,N/A
3.6,N/A,N/A,N/A
2.5,N/A,N/A,N/A
No GPA yet,not applicable,N/A,N/A
3.2,N/A,N/A,N/A
3.4,N/A,N/A,N/A
3.5,N/A,N/A,N/A
3.8,N/A,N/A,N/A
4.2,N/A,N/A,N/A
3.5,N/A,N/A,N/A
2.3,N/A,N/A,N/A
3.1,N/A ,N/A,N/A
n/a,N/A,N/A,N/A
3.8,N/A,N/A,N/A
3.3,N/A,N/A,N/A
3,N/A,N/A,N/A
2.5,N/A,N/A,N/A
3,I didn’t take it yet,N/A,N/A
2.8,N/A,N/A,N/A
2.75,N/A,N/A,N/A
3,N/A,N/A,N/A
4,N/A,N/A,N/A
4.2,N/A,N/A,1903456645
2.8,N/A,N/A,N/A
3.8,N/A,N/A,N/A
Weighted - 4.5 Unweighted 4.0,N/A,N/A,N/A
3.8,N/A,N/A,N/A
3.8,N/A,N/A,N/A
3,None,N/A,N/A
3.5,N/A,N/A,N/A
3.86,None,N/A,N/A
3.5,not taken,N/A,N/A
3.4,N/A,N/A,N/A
3,N/A,N/A,N/A
3.3,N/A,N/A,N/A
3.6,N/A,N/A,N/A
3.7,24,N/A,N/A
3.25,have not taken yet ,N/A,N/A
3.5,18,N/A,N/A
3.95,N/A,N/A,N/A
3.8,N/A,N/A,N/A
2,N/A,N/A,N/A
2.8,N/A,N/A,N/A
2,N/A,N/A,N/A
3.8,N/A,N/A,N/A
3,N/A,N/A,N/A
4.44,(859)2000335,N/A,N/A
3.42,N/A,N/A,N/A
3.577,"Taken Feb 23,2021",N/A,N/A
3.6,n/a,N/A,N/A
3.3,N/A,N/A,N/A
3.4,N/A,N/A,N/A
4,N/A,N/A,N/A
2.5,waiting on scores ,N/A,N/A
2.6,N/A,N/A,N/A
3.2,N/A,N/A,N/A
3.5,I don’t know yet,N/A,N/A
3.2,16,N/A,N/A
2.5,N/A,N/A,N/A
4.2,N/A,N/A,N/A
3.54,N/A,N/A,N/A
3.1,N/A,N/A,N/A
3.78,N/A,N/A,N/A
3.6,Not Taken,N/A,N/A
Na,Na,N/A,N/A
4.5,N/A,N/A,N/A
2.8,1092,N/A,N/A
4,N/A,N/A,N/A
3.9,N/A,N/A,N/A
2.8,N/A,N/A,N/A
4.4,N/A,N/A,N/A
4.5,N/A,N/A,N/A
3.3,0,N/A,N/A
3.4,N/A,N/A,N/A
3.9,N/A,N/A,N/A
3.2,N/A,N/A,N/A
3.65,N/A,N/A,N/A
3.75,N/A,N/A,N/A
3,N/A,N/A,N/A
3.5,N/A,N/A,N/A
3.765,N/A,N/A,N/A
3.5,N/A,N/A,N/A
3.4,N/A,N/A,N/A
3.74,N/A,N/A,N/A
3.28,N/A,N/A,N/A
3.4,N/A,N/A,N/A
3.45,N/A,1010,N/A
2.8,N/A,N/A,N/A
3.6,22,N/A,N/A
3.7,N/A,N/A,N/A
4.1,N/A,N/A,N/A
2.8,N/A,N/A,N/A
3.9,N/A,N/A,N/A
2.7,N/A,N/A,N/A
2.937,N/A,N/A,N/A
2.6,N/A,N/A,N/A
3.4,27,N/A,N/A
3.6,N/A,N/A,N/A
2.4,N/A,N/A,N/A
3.57,N/A,N/A,N/A
2.5,N/A,N/A,N/A
3,na,N/A,N/A
3.409,N/A,N/A,N/A
2.5,N/A,N/A,N/A
3.8,N/A,N/A,N/A
3.6,20,N/A,N/A
3.29,n/a,N/A,N/A
3.65,21,N/A,N/A
3.86,N/A,N/A,N/A
3.98,N/A,N/A,N/A
3.2,N/A,N/A,N/A
2.5,N/A,N/A,N/A
3.8,N/A,N/A,N/A
3.7,N/A,N/A,N/A
4,N/A,N/A,N/A
N/A,N/A,N/A,N/A
3.4,N/A,N/A,N/A
3.8,N/A,N/A,N/A
3.1,N/A,N/A,N/A
2.8,N/A,N/A,N/A
3.24,N/A,N/A,N/A
3.5,N/A,N/A,N/A
4.21,N/A,N/A,N/A
3,N/A,N/A,N/A
3,N/A,N/A,N/A
3.8,N/a,N/A,N/A
3.4,N/A,N/A,N/A
2.8,0,N/A,N/A
4,N/A,N/A,N/A
3.7,N/A,N/A,N/A
3.5,N/A,N/A,N/A
4,N/A,N/A,N/A
3.7,N/A,N/A,N/A
3.6,N/A,N/A,N/A
4,N/A,N/A,N/A
4,20,N/A,N/A
4.05,N/A,N/A,N/A
4,N/A,N/A,N/A
3.965,N/A,N/A,N/A
3.8,N/A,N/A,N/A
2.5,N/A,N/A,N/A
3.2,22,N/A,N/A
2.71,N/A,N/A,N/A
3.28,N/A,N/A,N/A
3,N/A,N/A,N/A
3.4,N/A,N/A,N/A
4,N/A,N/A,N/A
N/A,N/A,N/A,N/A
3.6,N/A,N/A,N/A
4.2,N/A,N/A,N/A
4.1,None,N/A,N/A
3.5,22,N/A,N/A
3.8,N/A,N/A,N/A
3.2,N/A,N/A,N/A
2.7,N/A,N/A,N/A
4,30 (31SS),N/A,N/A
3.14,N/A,N/A,N/A
2.5,N/A,N/A,N/A
3.8,N/A,N/A,N/A
4,N/A,N/A,N/A
2.8,N/A,N/A,N/A
4.14,N/A,N/A,N/A
3.28,N/A,N/A,N/A
3.8,N/A,N/A,N/A
4.2,N/A,N/A,N/A
3.5,TBD,N/A,N/A
3.3,N/A,N/A,N/A
4,N/A,N/A,N/A
3.6,N/A,N/A,N/A
3.3,N/A,N/A,N/A
3.97,25,N/A,N/A
4.3,24,N/A,N/A
4.3,30,N/A,2012979659
3.94,27,N/A,N/A
2.5,Na,N/A,N/A
4.02,N/A,N/A,N/A
3.7,22,N/A,N/A
N/A,N/A,N/A,N/A
3.7,N/A,N/A,N/A
4.7,31,N/A,N/A
3.2,N/A,N/A,N/A
4.007,N/A,N/A,N/A
3.69,22,N/A,N/A
4.35,N/A,N/A,N/A
3,N/A,N/A,N/A
4.6,30 (Practice),N/A,N/A
3.2,N/A,N/A,N/A
4.085,Haven’t completed ,N/A,N/A
4,N/A,N/A,N/A
3.9,N/A,N/A,N/A
4,N/A,N/A,N/A
3,N/A,N/A,N/A
4.17,N/A,1440,N/A
3.6,N/A,N/A,N/A
3.844,N/A,N/A,N/A
3.6,N/A,N/A,N/A
3.8,N/A,N/A,N/A
3.55,Not taken ,N/A,N/A
4.1,Not take ,N/A,N/A
2.8,N/A,N/A,N/A
3,N/A,N/A,N/A
3.5,N/A,N/A,N/A
3.4,N/A,N/A,N/A
3.4,N/A,N/A,N/A
3.6,NA,N/A,N/A
2.5,N/A,N/A,N/A
3.65,N/A,N/A,N/A
4.1,N/A,N/A,N/A
3.7,N/A,N/A,N/A
3.3,N/A,N/A,N/A
4.38,N/A,N/A,N/A
4.7,N/A,N/A,N/A
4,Haven’t taken,N/A,N/A
3.817,N/A,N/A,N/A
3.5,N/A,N/A,N/A
3.8,N/A,N/A,N/A
3,N/A,N/A,N/A
3.5,N/A,N/A,N/A
3.97,N/A,N/A,N/A
4.33,N/A,N/A,N/A
2.9,N/A,N/A,N/A
3.9,N/A,N/A,N/A
?,?,N/A,N/A
4,18,N/A,N/A
3,N/A,N/A,N/A
2.9,N/A,N/A,N/A
3.3,N/A,N/A,N/A
2.8,N/A,N/A,N/A
3.2,N/A,N/A,N/A
2.3,N/A,N/A,N/A
2.85,21,N/A,N/A
3.2,N/A,N/A,N/A
3.7,N/A,N/A,N/A
2.8,N/A,N/A,N/A
3.9,N/A,N/A,N/A
3,N/A,N/A,N/A
3,N/A,N/A,N/A
3.4,N/A,N/A,N/A
4,N/A,N/A,N/A
3.4,N/A,N/A,N/A
3.8,N/A,N/A,N/A
3.8,N/A,N/A,N/A
3.65,N/A,N/A,N/A
4,N/A,N/A,N/A
3.3,N/A,N/A,N/A
2.6,N/A,N/A,N/A
3.6,N/A,N/A,N/A
3.9,N/A,N/A,N/A
4.021,26,N/A,N/A
4.3,N/A,N/A,N/A
2.9,N/A,N/A,N/A
3.9,19,N/A,N/A
3.75,N/A,N/A,N/A
4.35,N/A,N/A,N/A
3.75,N/A,N/A,N/A
3,N/A,N/A,N/A
4.4,N/A,N/A,N/A
3.39,N/A,N/A,N/A
3,N/A,N/A,N/A
3,N/A,N/A,N/A
3,17,N/A,N/A
3.6,N/A,N/A,N/A
3,N/A,N/A,N/A
2.75,N/A,N/A,N/A
3.8,N/A,N/A,N/A
4.1,N/A,N/A,N/A
3.2,N/A,N/A,N/A
N/A,N/A,N/A,N/A
2.7,N/A,N/A,N/A
4,N/A,N/A,N/A
2.5,N/A,N/A,N/A
2.8,N/A,N/A,N/A
4.34,N/A,N/A,N/A
3.78,N/A,N/A,N/A
3.3,N/A,N/A,N/A
2.7,N/A,N/A,N/A
3.9,N/A,N/A,N/A
2.5,Didn’t take yet ,N/A,N/A
2.893,N/A,N/A,N/A
3.3,N/A,N/A,N/A
3.3,N/A,N/A,N/A
4,n/a,N/A,N/A
2.99,N/A,N/A,N/A
2.7,N/A,N/A,N/A
3.6,N/A,N/A,N/A
4.49,N/A,N/A,N/A
3.71,N/A,N/A,N/A
3.7,N/A,N/A,N/A
3.5,N/A,N/A,N/A
3.8,16,N/A,N/A
3.29,Never taken ,N/A,N/A
3.8,N/A,N/A,N/A
3.2,N/A,N/A,N/A
3.6,N/A,N/A,N/A
3.027,N/A,N/A,N/A
3.94,N/A,N/A,N/A
3,N/A,N/A,N/A
3.2,N/A,N/A,N/A
2.25,N/A,N/A,N/A
3.8,N/A,N/A,N/A
3.9,n/a,N/A,N/A
3.85,N/A,N/A,N/A
3.6,N/A,N/A,N/A
3.74,N/A,N/A,N/A
3.7,N/A,N/A,N/A
3.3,N/A,N/A,N/A
3,N/A,N/A,N/A
2.7,N/A,N/A,N/A
N/A,N/A,N/A,N/A
4.1,TBD,N/A,N/A
3.5,N/A,N/A,N/A
4.2,N/A,N/A,N/A
3.7,N/A,N/A,N/A
3.3,N/A,N/A,N/A
4,N/A,N/A,N/A
3.7,22,N/A,N/A
3.2,N/A,N/A,N/A
3.811,N/A,N/A,N/A
3.9,N/A,N/A,N/A
3,N/A,N/A,N/A
4.2,N/A,N/A,N/A
3,N/A,N/A,N/A
3.5,N/A,N/A,N/A
4,27,N/A,N/A
3.6,N/A,N/A,N/A
3.1,19,N/A,N/A
3,N/A,N/A,N/A
3.85,N/A,N/A,N/A
4,N/A,N/A,N/A
3.5,N/A,N/A,N/A
4.074,26,N/A,N/A
2.14,N/A,N/A,N/A
3.13,N/A,N/A,N/A
2.8,N/A,N/A,N/A
2.6,N/A,N/A,N/A
3.6,N/A,N/A,N/A
3.3,NA,N/A,N/A
3.65,N/A,N/A,N/A
2.85,N/A,N/A,N/A
3.2,N/A,N/A,N/A
3.5,N/A,N/A,N/A
4.1,N/A,N/A,N/A
3.49,N/A,N/A,N/A
3.25,N/A,N/A,N/A
3.2,N/A,N/A,N/A
3.8,22,N/A,N/A
3.71,N/A,N/A,N/A
3.6,N/A,N/A,N/A
8.6,N/A,N/A,N/A
3.6,N/A,N/A,N/A
2.7,N/A,N/A,N/A
3.8,24,N/A,N/A
2.7,N/A,N/A,N/A
4,N/A,N/A,N/A
3.85,N/A,N/A,N/A
3.1,N/A,N/A,N/A
3.4,N/A,N/A,N/A
2.9,N/A,N/A,N/A
3,N/A,N/A,N/A
2,N/A,N/A,N/A
3.2,N/A,N/A,N/A
3.9,20,N/A,N/A
2.5,N/A,N/A,N/A
4.1,28,N/A,N/A
3.6,taking June 2021,n/a,N/A
3.5,N/A,N/A,N/A
4,N/A,N/A,N/A
3.8,N/A,N/A,N/A
3.607,23,N/A,N/A
3.75,N/A,N/A,N/A
3.8,I haven't done one yet,N/A,N/A
4,N/A,N/A,N/A
3.1,N/A ,N/A,N/A
4,N/A,N/A,N/A
4.12,N/A,N/A,N/A
3.1,N/A,N/A,N/A
2.6,N/A,N/A,N/A
4,N/A,N/A,N/A
3.8,N/A,N/A,N/A
3.1,N/A,N/A,N/A
3.71,N/A,N/A,N/A
3.4,N/A,N/A,N/A
3.4,N/A,N/A,N/A
3.9,N/A,N/A,N/A
3.25,NA ,N/A,N/A
3.097,N/A,N/A,N/A
3,N/A,N/A,N/A
3.8,N/A,N/A,N/A
3.8,N/A,N/A,N/A
3.6,N/A,N/A,N/A
3.85,N/A,N/A,N/A
3.95,N/A,N/A,N/A
4.5,N/A,N/A,N/A
3.8,N/A,N/A,N/A
3.4,N/A,N/A,N/A
4.8,N/A,N/A,N/A
3.3,NA,N/A,N/A
3,NA,N/A,N/A
4,21,N/A,N/A
3.7,N/A,N/A,N/A
3.4,N/A,N/A,N/A
3.36,N/A,N/A,N/A
3.1,N/A,N/A,N/A
3.2,N/A,N/A,N/A
3.5,N/A,N/A,N/A
3.5,N/A,N/A,N/A
3.7,N/A,N/A,N/A
2.6,N/A,N/A,N/A
4,N/A,N/A,N/A
3.5,N/A,N/A,N/A
2.4,N/A,N/A,N/A
3.4,N/A,N/A,N/A
3.4,N/A,N/A,N/A
3.7,N/A,N/A,N/A
3.799,N/A,N/A,N/A
3.1,N/A,N/A,N/A
4,21,N/A,N/A
3.8,N/A,N/A,N/A
4.4,22,N/A,N/A
3.9,N/A,N/A,N/A
3.8,27,N/A,N/A
3.5,n/a,N/A,N/A
4.4,N/A,N/A,N/A
3,N/A,N/A,N/A
4,N/A,N/A,N/A
3.9,N/A,N/A,N/A
2.6,N/A,N/A,N/A
4,N/A,N/A,N/A
3.4,N/A,N/A,N/A
3.38 unweighted 3.51 weighted ,N/A,N/A,N/A
4.25,N/A,N/A,N/A
3,N/A,N/A,N/A
3,N/A,N/A,N/A
3.8,N/A,N/A,N/A
4.1,N/A,N/A,N/A
2.6,N/A,N/A,N/A
3.5,N/A,N/A,N/A
2.034,N/A,N/A,N/A
2.4 for now,Didn’t take,N/A,N/A
havent seen,N/A,N/A,N/A
3,N/A,N/A,N/A
3.75,N/A,N/A,N/A
4.22,N/A,N/A,N/A
3.5,N/A,N/A,N/A
3,N/A,N/A,N/A
3.4,N/A,N/A,N/A
3.5,19,Not taken ,N/A
None yet,Haven’t took it ,N/A,N/A
3.8,N/A,N/A,N/A
3.5,N/A,N/A,N/A
3.42,N/A,N/A,N/A
3.5,N/A,N/A,N/A
4,24,N/A,N/A
2.5,N/A,N/A,N/A
2.9,N/A,N/A,N/A
3.8,Haven’t taken it yet,N/A,N/A
3.9,N/A,N/A,N/A
3.5,N/A,N/A,N/A
3.85,TBD ,N/A,N/A
3.2,N/A,N/A,N/A
3.3,Na ,N/A,N/A
3.9,N/A,N/A,N/A
3.14,N/A,N/A,N/A
3.8,N/A,N/A,N/A
3.2,N/A,N/A,N/A
3.86,N/A,N/A,N/A
2,N/A,N/A,N/A
3.4,N/A,N/A,N/A
3.5,N/A,N/A,N/A
3.1,N/A,N/A,N/A
2.5,N/A,N/A,N/A
2.3,idk,N/A,N/A
4,N/A,N/A,N/A
3.42,N/A,N/A,N/A
3.5,N/A,N/A,N/A
3.3,N/A,N/A,N/A
1.5,N/A,N/A,N/A
3.3,N/A,N/A,N/A
3.6,N/A,N/A,N/A
3.5,N/A,N/A,N/A
3.8,N/A,N/A,N/A
3.8,22,N/A,N/A
3.9,N/A,N/A,N/A
4.155,N/A,N/A,N/A
4,N/A,N/A,N/A
3.5,N/A,N/A,N/A
3.65,Pending ,N/A,N/A
4.5,30,N/A,N/A
3.2,N/A,N/A,N/A
3.2,N/A,N/A,N/A
3,N/A,N/A,N/A
2.9,N/A,N/A,N/A
3.25,N/A,N/A,N/A
3.7,N/A,N/A,N/A
3,Na,N/A,N/A
3.4,21,N/A,N/A
2.9,N/A,N/A,N/A
3.9,N/A,N/A,N/A
3.5,N/A,N/A,N/A
2.9,Haven’t taken,N/A,N/A
2.8,N/A,N/A,N/A
4.6,Taking the SAT,N/A,N/A
3.6,N/A,N/A,N/A
4.07,N/A,N/A,N/A
4,N/a,N/A,N/A
2.8,N/A,N/A,N/A
3,N/A,N/A,N/A
3.3,N/A,N/A,N/A
3.8,Na,N/A,N/A
2.7,N/A,N/A,N/A
4,N/A,N/A,N/A
3.2,N/A,N/A,N/A
3,na,N/A,N/A
3.4,N/A,N/A,N/A
3.7,N/A,N/A,N/A
4,N/A,N/A,N/A
2.8,N/A,N/A,N/A
4.268,27,N/A,N/A
2,N/A,N/A,N/A
3.9,N/A,N/A,N/A
3.7,N/A,N/A,N/A
3.188,N/A,N/A,N/A
3.94,TBD,N/A,N/A
3.5,N/A,N/A,N/A
3.1,Not taken as of yet,N/A,N/A
3.3,N/A,N/A,N/A
3,N/A,N/A,N/A
3.5,N/A,N/A,N/A
3.22,N/A,N/A,N/A
3,N/A,N/A,N/A
4.282,N/A,N/A,N/A
3.3,Not taken yet,N/A,N/A
3.3,N/A,N/A,N/A
2.42,N/A,N/A,N/A
3.7,N/A,N/A,N/A
3.6,N/A,N/A,N/A
3.5,26,N/A,N/A
3.58,N/A,N/A,N/A
2.8,N/A,N/A,N/A
3,13,N/A,N/A
3,NA,N/A,N/A
3.4,18,N/A,N/A
2.4,N/A,N/A,N/A
2,N/A,N/A,N/A
3,N/A,N/A,N/A
3,N/A,N/A,N/A
3.4,N/A,N/A,N/A
4.17,N/A,N/A,N/A
3.8,16,N/A,N/A
3.5,N/A,N/A,N/A
4.191,N/A,N/A,N/A
3,N/A,N/A,N/A
2.6,Didn’t take it,N/A,N/A
3.6,N/A,N/A,N/A
2.9,N/A,N/A,N/A
4,N/A,N/A,N/A
3.8,N/A,N/A,N/A
3.5,N/A,N/A,N/A
2.9,N/A,N/A,N/A
3.3,N/A,N/A,N/A
4,N/A,N/A,N/A
n/a,n/a,N/A,N/A
3.56,N/A,N/A,N/A
3,N/A,N/A,N/A
3.83,18,N/A,N/A
4.43,32,N/A,N/A
3,N/A,N/A,N/A
4.1,N/A,N/A,N/A
3.85,N/A,N/A,N/A
3,N/A,N/A,N/A
4.4,34 est,N/A,N/A
3.9,N/A,N/A,N/A
3.9,N/A,N/A,N/A
3.97,N/A,N/A,2010941456
3.2,N/A,N/A,N/A
3.8,N/A,N/A,N/A
3.2,N/A,N/A,N/A
4.1,N/A,N/A,N/A
2.3,N/A,N/A,N/A
4,N/A,N/A,N/A
4.16,N/A,N/A,N/A
3.4,N/A,N/A,N/A
3.6,N/A,N/A,N/A
3.2,N/A,N/A,N/A
1st quarter 2.286,N/A,N/A,N/A
4.1,N/A,N/A,N/A
3.2,N/A,N/A,N/A
3,N/A,N/A,N/A
3.33,N/A,N/A,N/A
3.5,23,N/A,N/A
4.6,N/A,N/A,N/A
2.5,N/A,N/A,N/A
4.1,N/A,N/A,N/A
3.9,N/A,N/A,N/A
4,25,N/A,N/A
2.76,N/A,N/A,N/A
4.2,27,N/A,N/A
2.21,N/A,N/A,N/A
3,N/A,N/A,N/A
3.92,N/A,N/A,N/A
3.5,N/A,N/A,N/A
3.9,N/A,N/A,N/A
3.8,23,N/A,N/A
3.8,N/A,N/A,N/A
3.9,20,N/A,N/A
3.8,N/A,N/A,N/A
3.5,N/A,N/A,N/A
4,N/A,N/A,N/A
3.3,N/A,N/A,N/A
3.5,N/A,N/A,N/A
3,N/A,N/A,N/A
3.2,N/A,N/A,N/A
4,24,N/A,N/A
2.5,N/A,N/A,N/A
3.226,N/A,N/A,N/A
3.1,N/A,N/A,N/A
3.1,Not taken,N/A,N/A
3.25,N/A,N/A,N/A
3.58,N/A,N/A,N/A
3,N/A,N/A,N/A
3.2,N/A,N/A,N/A
n/a,n/a,N/A,N/A
3,N/A,N/A,N/A
2.4,N/A,N/A,N/A
3.39,N/A,N/A,N/A
3.466,N/A,N/A,N/A
3.8,N/A,N/A,N/A
3.6,N/A,N/A,N/A
3.95,28,N/A,N/A
3.43,N/A,N/A,N/A
3,N/A,N/A,N/A
3,N/a ,N/A,N/A
3,18,N/A,N/A
3,Haven’t taken it yet. ,N/A,N/A
3,Na,N/A,N/A
2.7,N/A,N/A,N/A
3.5,N/A,N/A,N/A
3.6,N/A,N/A,N/A
2.5,N/A,N/A,N/A
3,N/A,N/A,N/A
3,N/A,N/A,N/A
4.07,N/A,N/A,N/A
2.5,N/A,N/A,N/A
4,N/A,N/A,N/A
3.6,24,N/A,N/A
2.6,N/A,N/A,N/A
2.5,N/A,N/A,N/A
3.89,N/A,N/A,N/A
4.2,not taken,N/A,N/A
3.6,N/A,N/A,N/A
2.1,N/A,N/A,N/A
3.6,N/A,N/A,N/A
3,N/A,N/A,N/A
2.4,N/A,N/A,N/A
3.55,N/A,N/A,N/A
2.95,N/A,N/A,N/A
3,N/A,N/A,N/A
3.6,N/A,N/A,N/A
3.3,N/A,N/A,N/A
3.4,n/a,N/A,N/A
2.9,N/A,N/A,N/A
4.2,N/A,N/A,N/A
4.25,N/A,N/A,N/A
4.36,N/A,N/A,N/A
2.5,N/A,N/A,N/A
3.188,N/A,N/A,N/A
3.4,N/A,N/A,N/A
2.3,N/A,N/A,N/A
3.7,N/A,N/A,N/A
3.5,N/A,N/A,N/A
3,N/A,N/A,N/A
4,have not taken,N/A,N/A
2.5,N/A,N/A,N/A
3.8,N/A,N/A,N/A
2.8,N/A,N/A,N/A
4,N/A,N/A,N/A
3.8,N/A,N/A,N/A
2.5,N/A,N/A,N/A
3.25,N/A,N/A,N/A
3.2,N/A,N/A,N/A
3,N/A,N/A,N/A
3.9,N/A,N/A,N/A
95.429,N/A,N/A,N/A
3,N/A,N/A,N/A
3.24,N/A,N/A,N/A
2.6,N/A,N/A,N/A
3.926,N/A,N/A,N/A
n/a,N/A,N/A,N/A
2.8,N/A,N/A,N/A
3.89,N/A,N/A,N/A
2.83,N/A,N/A,N/A
4.0765,N/A,N/A,N/A
4.07,29,N/A,N/A
3.038,N/A,N/A,N/A
3,none,N/A,N/A
3,N/A,N/A,N/A
4.08,28,N/A,N/A
4.19,24,N/A,N/A
3.7,N/A,N/A,N/A
3.2,N/A,N/A,N/A
2.9,N/A,N/A,N/A
3,N/A,N/A,N/A
2.4,N/A,N/A,N/A
3.2,N/A,N/A,N/A
3.2,Have not taken ,N/A,N/A
3.2,N/A,N/A,N/A
4,NA,N/A,N/A
2.5,na,N/A,N/A
2.5,N/A,N/A,N/A
2.5,15,N/A,N/A
3.3,N/A,N/A,N/A
3.25,N/A,N/A,N/A
4.26,23,N/A,N/A
2.7,N/A,N/A,N/A
3,NA,N/A,N/A
3.5,N/A,N/A,N/A
3,N/A,N/A,N/A
3,N/a,N/A,N/A
3.45,N/A,N/A,N/A
3.8,N/A,N/A,N/A
2.5,N/A,N/A,N/A
Unknown,N/A,N/A,N/A
3.8,N/A,N/A,N/A
3.6,N/A,N/A,N/A
2.8,N/A,N/A,N/A
2.8,N/A,N/A,N/A
3.8,21,1180,N/A
3.5,N/A,N/A,N/A
3.65,N/A,N/A,N/A
3.75,N/A,N/A,N/A
3.5,N/A,N/A,N/A
3.5,18,N/A,N/A
4,6148552040,N/A,N/A
3,n/a,N/A,N/A
3,N/A,N/A,N/A
4,N/A,N/A,N/A
3.4,N/A,N/A,N/A
2.424,N/A,N/A,N/A
4.3,25,N/A,N/A
2.8,N/A,N/A,N/A
3.6,N/A,N/A,N/A
4,N/A,N/A,N/A
3,N/A,N/A,N/A
3.2,N/A,N/A,N/A
3.1,N/A,N/A,N/A
3.2,N/A,N/A,N/A
4.227,N/A,N/A,N/A
3,N/A,N/A,N/A
2.9,N/A,N/A,N/A
3,18,N/A,N/A
4,N/A,N/A,N/A
4.5,N/A,N/A,N/A
3.5,N/A,N/A,N/A
3.5,NA,N/A,N/A
3.5,N/A,N/A,N/A
3.3,21,N/A,N/A
3.967,18,N/A,N/A
4.652,N/A,N/A,N/A
2.57,N/A,N/A,N/A
2.5,N/A,N/A,N/A
3.25,N/A,N/A,N/A
3.8,N/A,N/A,N/A
3.2,N/A,N/A,N/A
4,N/A,N/A,N/A
2,N/A,N/A,N/A
N/A,N/A,N/A,N/A
3.2,N/A,N/A,N/A
4,N/A,N/A,N/A
3,Don’t have one,N/A,N/A
3,N/A,N/A,N/A
3.6,N/A,N/A,N/A
3.7,N/A,N/A,N/A
2.9,N/A,N/A,N/A
3,N/A,N/A,N/A
3.8,N/A,N/A,N/A
2.8,N/A,N/A,N/A
4,N/A,N/A,N/A
3.64,24,1150,N/A
3.6,N/A,N/A,N/A
3.5,N/A,N/A,N/A
3.4,N/A,N/A,N/A
3.7,N/A,N/A,N/A
3.5,N/A,N/A,N/A
3,N/A,N/A,N/A
3.7,21,N/A,N/A
4,N/A,N/A,N/A
2.8,N/A,N/A,N/A
3.5,N/A,N/A,N/A
2.8,18,N/A,2105179424
3.2,N/A,N/A,N/A
3.8,N/A,N/A,N/A
3.8,N/A,N/A,N/A
4,N/A,N/A,N/A
3.15,N/A,N/A,N/A
3.8,19,N/A,N/A
4.25,N/A,N/A,N/A
3.3,N/A,N/A,N/A
2.8,N/A,N/A,N/A
3,N/a,N/A,N/A
4.03,N/A,N/A,N/A
2.57,N/A,N/A,N/A
3.6,N/A,N/A,N/A
2.9,N/A,N/A,N/A
3.8,26,N/A,N/A
4,N/A,N/A,N/A
3.43,N/A,N/A,N/A
3.95,N/A,N/A,N/A
3.2,N/A,N/A,N/A
4,N/A,N/A,N/A
3.4,N/A,N/A,N/A
3.4,N/A,N/A,N/A
4,N/A,N/A,N/A
3.67,N/A,N/A,N/A
2.9,610,N/A,N/A
4,21,N/A,N/A
3.341,N/A,N/A,N/A
3.5,N/A,N/A,N/A
3.8,N/A,N/A,N/A
3.5,N/A,N/A,N/A
Unknown,N/A,N/A,N/A
3.6,N/A,N/A,N/A
3,N/A,N/A,N/A
3.5,N/A,N/A,N/A
3.4,N/A,N/A,N/A
3.5,N/A,N/A,N/A
4,26,N/A,N/A
3,N/A,N/A,N/A
3.6,N/A,N/A,N/A
2.7,Haven’t taken yet.,N/A,N/A
4.35,N/A,N/A,N/A
2.5,20,N/A,N/A
3.8,20,N/A,N/A
4,N/A,N/A,N/A
3.71,N/A,N/A,N/A
3.9,N/A,N/A,N/A
3,N/A,N/A,N/A
3.5,N/A,N/A,N/A
3.2,27,N/A,N/A
2.9,N/A,N/A,N/A
2.7,N/A,N/A,N/A
3.1,N/A,N/A,N/A
4.28,N/A,N/A,N/A
3,N/A,N/A,N/A
3.5,N/A,N/A,N/A
3.3,N/A,N/A,N/A
3.3,N/A,N/A,N/A
2.8,N/A,N/A,N/A
3,N/A,N/A,N/A
4.241,33,N/A,N/A
3,N/A,N/A,N/A
3.2,N/A,N/A,N/A
3.6,N/A,N/A,N/A
3,N/A,N/A,N/A
3.2,N/A,N/A,N/A
3.3,23,N/A,N/A
N/A,N/A,N/A,N/A
3.6,N/A,N/A,N/A
2.1,N/A,N/A,N/A
3.2,none,N/A,N/A
4.023,N/A,N/A,N/A
3.95,N/A,N/A,N/A
Not applicable ,Not applicable ,N/A,N/A
3.115,N/A,N/A,N/A
3.6,N/A,N/A,N/A
3.26,N/A,N/A,N/A
3.1,N/A,N/A,N/A
2.6,N/A,N/A,N/A
3.8,N/A,N/A,N/A
3.85,22,N/A,N/A
4.05,N/A,N/A,N/A
3.1,N/A,N/A,N/A
4.1,N/A,N/A,N/A
4,N/A,N/A,N/A
3.6,N/A,N/A,N/A
3.4,N/A,N/A,N/A
2.5,N/A,N/A,N/A
3.8,N/A,N/A,N/A
4.5,N/A,N/A,N/A
3,N/A,N/A,N/A
3.2,N/A,N/A,N/A
3.8,N/A,N/A,N/A
3,N/A,N/A,N/A
2.9,N/A,N/A,N/A
4.347,N/A,N/A,N/A
3.44,N/A,N/A,N/A
3.6,N/A,N/A,N/A
3.2,18,N/A,N/A
3.8,N/A,N/A,N/A
3.3,N/A,N/A,N/A
4,N/A,N/A,N/A
3,N/A,N/A,N/A
2.6,N/A,N/A,N/A
3.56,N/A,N/A,N/A
3.1,N/A,N/A,N/A
3.88,N/A,N/A,N/A
2.6,N/A,N/A,N/A
4.9,35 (practice),1540 (practice),N/A
3.5,N/A,N/A,N/A
4,N/A,N/A,N/A
3.2,N/A,N/A,N/A
2.557,N/A,N/A,N/A
3,N/A,N/A,N/A
TBD,TBD,N/A,N/A
2.9,N/A,N/A,N/A
3.15,N/A,N/A,N/A
2.37,N/A,N/A,N/A
4,N/A,N/A,N/A
2.5,N/A,N/A,N/A
2.33,N/A,N/A,N/A
3.15,N/A,N/A,N/A
3,Not taken,N/A,N/A
3,N/A,N/A,N/A
3.3,N/A,N/A,N/A
3.9,22,N/A,N/A
3.3,N/A,N/A,N/A
1.6,N/A,N/A,N/A
3.959,N/A,N/A,N/A
3.8,NA,N/A,N/A
3.8,N/A,N/A,N/A
2.2,N/A,N/A,N/A
3,N/A,N/A,N/A
2.8,N/A,N/A,N/A
3.8,N/A,N/A,N/A
2.9,N/A,N/A,N/A
3,N/A,N/A,N/A
3.595,N/A,N/A,N/A
3,N/A,N/A,N/A
4,N/A,N/A,N/A
3,Not taken yet,N/A,N/A
3,N/A,N/A,N/A
3,N/A,N/A,N/A
3,N/A,N/A,N/A
2.5,N/A,N/A,N/A
3.3,N/A,N/A,N/A
3.1 to 3.7,haven't taken,N/A,N/A
3.7,23,N/A,N/A
3.4,N/A,N/A,N/A
3.85,N/A,N/A,N/A
4.12,N/A,N/A,N/A
3.5,TBD,N/A,N/A
3.8,N/A,N/A,N/A
4.25,N/A,N/A,N/A
3.4,N/A,N/A,N/A
3.1,N/A,N/A,N/A
4,N/A,N/A,N/A
3.3,N/A,N/A,N/A
2.57,N/A,N/A,N/A
3.9,N/A,N/A,N/A
3,N/A,N/A,N/A
4.21,22(Taking Again),N/A,N/A
3.62,N/A,N/A,N/A
3.9,22,N/A,N/A
3,N/A,N/A,N/A
3.6,N/A,N/A,N/A
3.6,N/A,N/A,N/A
4,N/A,N/A,N/A
3.67,N/A,N/A,N/A
1.6,15,N/A,N/A
2.22,N/A,N/A,N/A
4,N/A,N/A,N/A
3.3,N/A,N/A,N/A
3.8,25,N/A,N/A
3,N/A,N/A,N/A
2,N/A,N/A,N/A
3.6,N/A,N/A,N/A
NA,NA,N/A,N/A
Unknown,Didn’t take yet,N/A,N/A
3.29,N/A,N/A,N/A
3.8,N/A,N/A,N/A
N/A,N/A,N/A,N/A
3.6,N/A,N/A,N/A
2,N/A,N/A,N/A
3.6,N/A,N/A,N/A
3.554,N/A,N/A,N/A
3.9,N/A,N/A,N/A
3.4,N/A,N/A,N/A
2.5,N/A,N/A,N/A
3.5,N/A,N/A,N/A
3.8,N/A,N/A,N/A
3.7,N/A,N/A,N/A
1,N/A,N/A,N/A
3.5,N/A,N/A,N/A
2.9,N/A,N/A,N/A
3.4,N/A,N/A,N/A
2.8,12,N/A,N/A
4.083,N/A,N/A,N/A
3.1,21,N/A,N/A
3.6,N/A,N/A,N/A
3.8,N/A,N/A,N/A
2.3,N/A,N/A,N/A
3.9,N/A,N/A,N/A
3,N/A,N/A,N/A
3.7,N/A,N/A,N/A
3.37,N/A,N/A,N/A
3.5,N/A,N/A,N/A
3,N/A,N/A,N/A
3.9,Have not taken it yet,N/A,N/A
4,N/A,N/A,N/A
3,N/A,N/A,N/A
3.4,Don’t have one yet,N/A,N/A
2.3,N/A,N/A,N/A
2.5,N/A,N/A,N/A
3.6,N/A,N/A,N/A
4.09,N/A,N/A,N/A
2.5,N/A,N/A,N/A
3.9,N/A,N/A,N/A
3.7,N/A,N/A,N/A
4.5,N/A,N/A,N/A
2.4,N/A,N/A,N/A
2,N/A,N/A,N/A
3.5,N/A,N/A,N/A
3.7,N/A,N/A,N/A
3.3,N/A,N/A,N/A
3.6,22,N/A,N/A
3.4,N/A,N/A,N/A
4.02,N/A,N/A,N/A
3.3,N/A,N/A,N/A
3.7,N/A,N/A,N/A
3.7,N/A,N/A,N/A
3.6,N/A,N/A,N/A
3.1,N/A,1110,N/A
N/A,N/A,N/A,N/A
3.14,N/A,N/A,N/A
3.1,N/A,N/A,N/A
3.6,N/A,N/A,N/A
3.8,N/A,N/A,N/A
3.5,N/A,N/A,N/A
3.613,N/A,N/A,N/A
4.34,N/A,N/A,N/A
2.7,N/A,N/A,N/A
2.9,N/A,N/A,N/A
3.14,N/A,N/A,N/A
4,N/A,N/A,N/A
3.6,N/A,N/A,N/A
3.6,N/A,N/A,N/A
2.9,N/A,N/A,N/A
3.4,N/A,N/A,N/A
3,N/A,N/A,N/A
3.4,N/A,N/A,N/A
3,80,N/A,N/A
3,N/A,N/A,N/A
3.9,N/A,N/A,N/A
3.8,N/A,N/A,N/A
3.1,21,N/A,N/A
3.7,N/A,N/A,N/A
2.6,None the ,N/A,N/A
3.50-3.70,N/A,N/A,N/A
3.5,N/A,N/A,N/A
3.8,N/A,N/A,N/A
N/A,N/A,N/A,N/A
Not sure,N/A,N/A,N/A
3.3,N/A,N/A,N/A
3.9,N/A,N/A,N/A
3.1,N/A,N/A,N/A
4,N/A,N/A,N/A
N/A,N/A,N/A,N/A
3.83,N/A,N/A,N/A
3,N/A,N/A,N/A
2.9,N/A,N/A,N/A
3.5,N/A,N/A,N/A
2.8,23,N/A,N/A
3,N/A,N/A,N/A
3.4,N/A,N/A,N/A
2.6,N/A,N/A,N/A
3,N/A,N/A,N/A
3.7,N/A,N/A,N/A
4,N/A,N/A,N/A
3.2,N/A,N/A,N/A
4,N/A,N/A,N/A
3.5,N/A,N/A,N/A
3.2,N/A,N/A,N/A
3,N/A,N/A,N/A
3.8,N/A,N/A,N/A
2.6,N/A,N/A,N/A
3.1,38,N/A,N/A
3.729,N/A,N/A,N/A
3.85,N/A,N/A,N/A
3.4,N/A,N/A,N/A
4,N/A,N/A,N/A
3.2,N/A,N/A,N/A
3.45,N/A,N/A,N/A
3.74,N/A,N/A,N/A
3.8,N/A,N/A,N/A
3.14,N/A,N/A,N/A
3.37,N/A,N/A,N/A
1.8,N/A,N/A,N/A
3.8,N/A,N/A,N/A
3.925,24,N/A,N/A
3.7,N/A,N/A,N/A
3.8,N/A,N/A,N/A
3.4,N/A,N/A,N/A
3.95,N/A,N/A,N/A
3.9,N/A,N/A,N/A
4.154,N/A,N/A,N/A
n/a,N/A,N/A,N/A
3.4,Unavailable ,N/A,N/A
3.3,N/A,N/A,N/A
4.1,N/A,N/A,N/A
3,N/A,N/A,N/A
4.25,N/A,N/A,N/A
3.5,N/A,N/A,N/A
3,N/A,N/A,N/A
3.35,N/A,N/A,N/A
3.6,N/A,N/A,N/A
2.7,N/A,N/A,N/A
3,N/A,N/A,N/A
3.5,N/A,N/A,N/A
3.9,N/A,N/A,N/A
3.9,N/A,N/A,N/A
3.94,N/A,N/A,N/A
3,Haven’t taken,N/A,N/A
3,N/A,N/A,N/A
3.9,N/A,N/A,N/A
3.8,N/A,N/A,N/A
3,N/A,N/A,N/A
3.78,N/A,N/A,N/A
4,N/A,N/A,N/A
4,none,N/A,N/A
4,Unknown ,N/A,N/A
3.8,N/A,N/A,N/A
3.2,N/A,N/A,N/A
4,21,N/A,N/A
3.98,N/A,N/A,N/A
3.6,N/A,N/A,N/A
3,I’m a freshman ,N/A,N/A
3.54,N/A,N/A,N/A
3,N/A,N/A,N/A
3.92,N/A,N/A,N/A
3,N/A,N/A,N/A
4.13,N/A,N/A,N/A
3.15,N/A,N/A,N/A
3.2,N/A,N/A,N/A
3.917,N/A,N/A,N/A
3.5,N/A,N/A,N/A
3.3,N/A,N/A,N/A
3.8,N/A,N/A,N/A
3 - 3.5,N/A,N/A,N/A
3,N/A,N/A,N/A
3.2,N/A,N/A,N/A
4.25,-,N/A,N/A
2,N/A,N/A,N/A
3,N/A,N/A,N/A
3.8,N/A,N/A,N/A
3,N/A,N/A,N/A
3.6,N/A,N/A,N/A
3.5-4.0,N/A,N/A,N/A
3.6,N/A,N/A,N/A
3.5,N/A,N/A,N/A
3.75,N/A,N/A,N/A
2,N/A,N/A,N/A
3.2,N/A,N/A,N/A
N/A,N/A,N/A,N/A
2.4,N/A,N/A,N/A
3,N/A,N/A,N/A
3,N/A,N/A,N/A
3.8,N/A,N/A,N/A
4,N/A,N/A,N/A
3.8,N/A,N/A,N/A
3.75,N/A,N/A,N/A
3.2,N/A,N/A,N/A
3.5,N/A,N/A,N/A
3.6,N/A,N/A,N/A
3.9 Unweighted,N/A,N/A,N/A
3.4,N/A,N/A,N/A
3.4,N/A,N/A,N/A
3,N/A,N/A,N/A
3.8,N/A,N/A,N/A
2.9,N/A,N/A,N/A
3,N/A,N/A,N/A
3.3,N/A,N/A,N/A
2.8 -3.5,N/A,N/A,N/A
3.8,N/A,N/A,N/A
3.2,N/A,N/A,N/A
1.58,N/A,N/A,N/A
1.63,N/A,N/A,N/A
3,N/A,N/A,N/A
3.8,N/A,N/A,N/A
3.71,N/A,N/A,N/A
3,N/A,N/A,N/A
2.857,N/A,N/A,N/A
3,N/A,N/A,N/A
3.5,N/A,N/A,N/A
2.9,N/A,N/A,N/A
3,N/A,N/A,N/A
4.2,N/A,N/A,N/A
3.92,N/A,N/A,N/A
3.3,N/A,N/A,N/A
3.3,N/A,N/A,N/A
3,N/A,N/A,N/A
3.6,N/A,N/A,N/A
3.5,N/A,N/A,N/A
4.175,N/A,N/A,N/A
4,N/A,N/A,N/A
2.1,Have not taken,N/A,N/A
3.5,N/A,N/A,N/A
4.3,N/A,N/A,N/A
3.7,N/A,N/A,N/A
3.9,N/A,N/A,N/A
3,N/A,N/A,N/A
3.9,N/A,N/A,N/A
2.097,Not taken yet,N/A,N/A
4.521,None,N/A,N/A
4,19,N/A,N/A
3.2,N/A,N/A,N/A
3.9,N/A,N/A,N/A
3,N/A,N/A,N/A
3,N/A,N/A,N/A
3.4,N/A,N/A,N/A
3,N/A,N/A,N/A
3.6,N/A,N/A,N/A
3.7,N/A,N/A,N/A
3.42,20,N/A,N/A
3.5,N/A,N/A,N/A
3,N/A,N/A,N/A
3.6,N/A,N/A,N/A
2.66,N/A,N/A,N/A
3.8,N/A,N/A,N/A
2.8,N/A,N/A,N/A
3.1,N/A,N/A,N/A
3.8,N/A,N/A,N/A
none,none,N/A,N/A
3.1,N/A,N/A,N/A
3,N/A,N/A,N/A
2.5,N/A,N/A,N/A
4,N/A,N/A,N/A
2.8,N/A,N/A,N/A
2.5,N/A,N/A,N/A
i don't no ,N/A,N/A,N/A
4,N/A,N/A,N/A
2.5,N/A,N/A,N/A
3.75,N/A,N/A,N/A
4,N/A,N/A,N/A
3.8,N/A,N/A,N/A
3.7,N/A,N/A,N/A
3,N/A,N/A,N/A
3.8,N/A,N/A,N/A
2.5,N/A,N/A,N/A
3.4,N/A,N/A,N/A
3.3,N/A,N/A,N/A
4,N/A,N/A,N/A
3.8,N/A,N/A,N/A
3.2648,N/A,N/A,N/A
4,N/A,N/A,N/A
3.1,N/A,N/A,N/A
2.3,N/A,N/A,N/A
3,N/A,N/A,N/A
3.6,Haven’t taken it yet,N/A,N/A
3.8,N/A,N/A,N/A
3.6,N/A,N/A,N/A
"3,0",N/A,N/A,N/A
3.7,N/A,N/A,N/A
4.38,N/A,N/A,1911737163
3.979,N/A,N/A,N/A
4,N/A,N/A,N/A
3.2,N/A,N/A,N/A
3.6,N/A,N/A,N/A
3.84,N/A,N/A,N/A
3.9,N/A,N/A,N/A
3.5,N/A,N/A,N/A
2.5,N/A,N/A,N/A
4,Not tooken yet,N/A,N/A
3,N/A,N/A,N/A
2.82,N/A,N/A,N/A
3.33,N/A,N/A,N/A
3.1,N/A,N/A,N/A
2.9,N/A,N/A,N/A
4.33,N/A,N/A,N/A
3,N/A,N/A,N/A
3.5,N/A,N/A,N/A
4,N/A,N/A,N/A
3.7,N/A,N/A,N/A
3.8,N/A,N/A,N/A
3.8-4.0,N/A,N/A,N/A
4.33,N/A,N/A,N/A
3.5,N/a,N/A,N/A
3.7,N/A,N/A,N/A
3.7,N/A,N/A,N/A
3.2,N/A,n/a,N/A
3.5,N/A,N/A,N/A
3.5,N/A,N/A,N/A
3,N/A,N/A,N/A
4,N/A,N/A,N/A
3,N/A,N/A,N/A
1.5,N/A,N/A,N/A
3.3,N/A,N/A,N/A
4,N/A,N/A,N/A
3,N/A,N/A,N/A
3.2,N/A,N/A,N/A
3,N/A,N/A,N/A
3.5,N/A,N/A,N/A
3.4,N/A,N/A,N/A
3.8,N/A,N/A,N/A
2,N/A,N/A,N/A
3.5,N/A,N/A,N/A
2.7,N/A,N/A,N/A
2.8,N/A,N/A,N/A
3.8,N/A,N/A,N/A
3.5,N/A,N/A,N/A
3.8,N/A,N/A,N/A
3.8,N/A,N/A,N/A
3.8,Never had one,N/A,N/A
3.9,N/A,N/A,N/A
3.3,N/A,N/A,N/A
3.5,N/A,N/A,N/A
2.8,N/A,N/A,N/A
2.98,N/A,N/A,N/A
I don’t know ,I don’t know,N/A,N/A
3.8,N/A,N/A,N/A
3,N/A,N/A,N/A
2.3,N/A,N/A,N/A
3,N/A,N/A,N/A
3.4,N/A,N/A,N/A
3.5,N/A,N/A,N/A
4,N/A,N/A,N/A
3.25,N/A,N/A,N/A
4,N/A,N/A,N/A
3.3,N/A,N/A,1903473628‬
3.2,Haven’t taken it,N/A,N/A
4.32,25,N/A,2008908199
5.63,N/A,N/A,N/A
3.9,N/A,N/A,N/A
3.5,N/A,N/A,N/A
4.24,N/A,N/A,N/A
3,N/A,N/A,N/A
3.8,N/A,N/A,N/A
3.7,N/A,N/A,N/A
3.4,N/A,N/A,N/A
3.2,N/A,N/A,N/A
3.6,N/A,N/A,N/A
3.63,N/A,N/A,N/A
3.4,N/A,N/A,N/A
3.83,N/A,N/A,N/A
4,N/A,N/A,N/A
3.2,N/A,N/A,N/A
3,N/A,N/A,N/A
4.24,N/A,N/A,N/A
3,N/A,N/A,N/A
4,N/A,N/A,N/A
3.55,N/A,N/A,N/A
4.08,N/A,N/A,N/A
4,None,N/A,N/A
3.9,N/A,N/A,N/A
3.8,N/A,N/A,N/A
3,N/A,N/A,N/A
4.6,N/A,N/A,N/A
3.2,N/A,N/A,N/A
3.45,N/A,N/A,N/A
3.308,N/A,N/A,N/A
4.1,N/A,N/A,N/A
3.5,N/A,N/A,N/A
4.1,N/A,N/A,N/A
3.4,26,N/A,N/A
3.1,N/A,N/A,N/A
3.8,N/A,N/A,N/A
3.2,18,N/A,N/A
