Timed By,20 Yard Shuttle,100 Meter Dash,Bench: 1-rep max (lbs),Bench x 185 (lbs),Vertical Jump,Standing Broad Jump,Bench x 225 (lbs),Squat (lbs),Power Clean
N/A,4.25,N/A,270,17,266.7,10 feet 7 inches,6,N/A,265
N/A,N/A,N/A,215,N/A,N/A,N/A,N/A,N/A,N/A
N/A,5.1,N/A,335,N/A,22,N/A,10,N/A,N/A
N/A,None,N/A,335,N/A,27,N/A,13,N/A,N/A
Hand,4.9,N/A,405,N/A,22,8,23,N/A,N/A
N/A,4.4,N/A,N/A,N/A,32,N/A,N/A,N/A,N/A
N/A,4.5,N/A,N/A,N/A,32,N/A,N/A,N/A,N/A
N/A,4.23,N/A,245,N/A,33,N/A,N/A,N/A,N/A
N/A,N/A,N/A,N/A,N/A,N/A,N/A,N/A,N/A,N/A
N/A,N/A,N/A,N/A,N/A,N/A,N/A,N/A,N/A,N/A
N/A,N/A,N/A,N/A,N/A,N/A,N/A,15,N/A,N/A
Lazor,N/A,N/A,N/A,N/A,N/A,N/A,N/A,N/A,N/A
N/A,N/A,N/A,260,N/A,N/A,N/A,8,N/A,N/A
N/A,N/A,N/A,N/A,N/A,N/A,N/A,N/A,N/A,N/A
N/A,N/A,N/A,N/A,N/A,N/A,N/A,N/A,N/A,N/A
N/A,N/A,N/A,N/A,N/A,N/A,N/A,N/A,N/A,N/A
N/A,N/A,N/A,265,16,"31""","9'3""",8,N/A,N/A
N/A,N/A,N/A,N/A,N/A,28 in,N/A,N/A,N/A,N/A
N/A,N/A,N/A,N/A,N/A,N/A,N/A,N/A,N/A,N/A
N/A,N/A,N/A,N/A,N/A,N/A,N/A,N/A,N/A,N/A
Michigan State,N/A,N/A,N/A,N/A,N/A,N/A,N/A,N/A,N/A
N/A,N/A,N/A,330,N/A,N/A,N/A,15,N/A,N/A
Nike Opening Combine,4.25,N/A,N/A,N/A,33.4 in,"8'9""",N/A,N/A,N/A
N/A,N/A,N/A,225,N/A,27,N/A,1,N/A,N/A
N/A,N/A,N/A,N/A,N/A,N/A,N/A,N/A,N/A,N/A
N/A,N/A,N/A,N/A,N/A,N/A,N/A,N/A,N/A,N/A
N/A,N/A,N/A,N/A,N/A,N/A,N/A,N/A,N/A,N/A
N/A,N/A,N/A,230,N/A,29.5,N/A,N/A,N/A,210
N/A,N/A,N/A,275,N/A,N/A,N/A,5,N/A,N/A
N/A,N/A,N/A,N/A,N/A,N/A,N/A,N/A,N/A,N/A
N/A,N/A,N/A,N/A,N/A,N/A,N/A,N/A,N/A,N/A
N/A,N/A,N/A,250,N/A,N/A,N/A,5,N/A,N/A
N/A,NA,N/A,NA,N/A,NA,N/A,195,N/A,N/A
N/A,N/A,N/A,N/A,N/A,N/A,N/A,N/A,N/A,N/A
Coaches,N/A,N/A,225,N/A,40’,10’0,N/A,N/A,N/A
N/A,None ,N/A,225,N/A,None,N/A,1,N/A,N/A
N/A,N/A,N/A,220,6,N/A,N/A,0,N/A,N/A
N/A,N/A,N/A,N/A,N/A,N/A,N/A,5,N/A,N/A
N/A,N/A,N/A,275,N/A,N/A,N/A,N/A,N/A,N/A
N/A,4.7,N/A,285,N/A,N/A,N/A,9,N/A,N/A
N/A,N/A,N/A,N/A,N/A,N/A,N/A,N/A,N/A,N/A
N/A,N/A,N/A,N/A,N/A,N/A,N/A,N/A,N/A,N/A
Coach,N/A,N/A,N/A,N/A,N/A,N/A,N/A,N/A,N/A
N/A,N/A,N/A,N/A,N/A,N/A,N/A,N/A,N/A,N/A
N/A,N/a,N/A,N/a,N/A,N/a,N/A,N/a,N/A,N/A
N/A,N/A,N/A,N/A,N/A,N/A,N/A,N/A,N/A,N/A
N/A,4.2,N/A,205,N/A,N/A,N/A,N/A,N/A,N/A
N/A,N/A,N/A,N/A,N/A,29in,9.2,N/A,N/A,N/A
H.S. Coach,4.4,N/A,N/A,N/A,37,N/A,N/A,N/A,N/A
Browns High School Showcase,4.18,N/A,N/A,N/A,32.5,10’,N/A,N/A,N/A
N/A,N/A,N/A,N/A,N/A,N/A,N/A,N/A,N/A,N/A
N/A,4.29,N/A,270,N/A,29.5,N/A,8,N/A,N/A
N/A,3.9,N/A,N/A,N/A,N/A,N/A,N/A,N/A,N/A
N/A,N/A,N/A,N/A,N/A,N/A,N/A,N/A,N/A,N/A
N/A,N/A,N/A,300,N/A,N/A,N/A,6,N/A,N/A
N/A,N/A,N/A,N/A,N/A,N/A,N/A,N/A,N/A,N/A
N/A,N/A,N/A,306,16,N/A,N/A,12,N/A,N/A
N/A,N/A,N/A,235,N/A,N/A,N/A,2,N/A,N/A
N/A,N/A,N/A,N/A,N/A,N/A,N/A,N/A,N/A,N/A
Coach,N/A,N/A,275,12,29.6,N/A,5,N/A,275
N/A,4.5,N/A,N/A,N/A,29,N/A,N/A,N/A,N/A
The Opening,N/A,N/A,225,5+,N/A,N/A,N/A,N/A,N/A
N/A,N/A,N/A,N/A,N/A,N/A,N/A,N/A,N/A,N/A
N/A,3.98,N/A,235,N/A,N/A,N/A,5,N/A,N/A
Northwestern University June 2019,N/A,N/A,N/A,N/A,N/A,N/A,N/A,N/A,N/A
N/A,N/A,N/A,N/A,N/A,N/A,N/A,N/A,N/A,N/A
N/A,N/A,N/A,N/A,N/A,N/A,N/A,N/A,N/A,N/A
N/A,N/A,N/A,235,N/A,N/A,N/A,N/A,N/A,N/A
N/A,6.7,N/A,205,N/A,32,N/A,0,N/A,N/A
N/A,N/A,N/A,215,N/A,30 in,N/A,N/A,N/A,195
Doug Herbert,N/A,N/A,315,N/A,N/A,N/A,10,N/A,N/A
N/A,4.3,N/A,265,N/A,29,N/A,5,N/A,N/A
N/A,N/A,N/A,195,N/A,N/A,N/A,N/A,N/A,N/A
N/A,N/A,N/A,N/A,N/A,N/A,N/A,N/A,N/A,N/A
N/A,N/A,N/A,265,N/A,N/A,N/A,7,N/A,N/A
N/A,N/A,N/A,225,N/A,N/A,N/A,1,N/A,N/A
N/A,N/A,N/A,335,N/A,N/A,N/A,N/A,N/A,N/A
St. Eds Coaches,N/A,N/A,N/A,N/A,N/A,N/A,N/A,N/A,N/A
N/A,N/A,N/A,N/A,N/A,N/A,N/A,N/A,N/A,N/A
N/A,N/A,N/A,265,N/A,34,N/A,4,N/A,N/A
N/A,N/A,N/A,N/A,N/A,N/A,N/A,N/A,N/A,N/A
N/A,4.55,N/A,315,20,"25""","7' 10""",13,N/A,265
N/A,N/A,N/A,N/A,N/A,N/A,N/A,N/A,N/A,N/A
N/A,N/A,N/A,N/A,N/A,N/A,N/A,N/A,N/A,155
"Ashland University, Miami of Ohio, Bowling Green",4.15,N/A,240,5,33,9ft 11in,N/A,N/A,230
N/A,N/A,N/A,N/A,N/A,N/A,N/A,N/A,N/A,N/A
NSCA Combine,4.9,N/A,405,23,20.6,93,16,N/A,N/A
N/A,4.9,N/A,315,N/A,N/A,N/A,N/A,N/A,N/A
DB coach,Na,N/A,215,7,Na,Na,Na,N/A,Na
N/A,N/A,N/A,260,N/A,N/A,N/A,N/A,N/A,N/A
N/A,N/A,N/A,355,N/A,N/A,N/A,26,N/A,N/A
N/A,N/A,N/A,215,N/A,N/A,N/A,N/A,N/A,N/A
Keith Shinn,5.13,N/A,285,16,N/A,7'1,9,N/A,N/A
Asst Coach,N/A,N/A,300,14,23.9'',7' 11'',N/A,N/A,255
N/A,N/A,N/A,295,N/A,N/A,N/A,12,N/A,225
N/A,N/A,N/A,N/A,N/A,N/A,N/A,N/A,N/A,N/A
N/A,N/A,N/A,300,N/A,N/A,N/A,10,N/A,N/A
N/A,NA,N/A,255,10,NA,N/A,5,N/A,N/A
N/A,N/A,N/A,N/A,N/A,N/A,N/A,N/A,N/A,N/A
N/A,N/A,N/A,N/A,N/A,N/A,N/A,N/A,N/A,N/A
N/A,N/a,N/A,N/a,N/A,33.4,N/A,N/a,N/A,N/A
N/A,N/A,N/A,350,N/A,N/A,N/A,7,N/A,N/A
N/A,4.4,N/A,280,N/A,35,N/A,10,N/A,N/A
N/A,N/A,N/A,N/A,N/A,N/A,N/A,N/A,N/A,N/A
N/A,N/A,N/A,N/A,N/A,N/A,N/A,180 last repped,N/A,N/A
N/A,N/A,N/A,270,N/A,N/A,N/A,6,N/A,N/A
N/A,N/A,N/A,N/A,N/A,N/A,N/A,N/A,N/A,N/A
N/A,?,N/A,260,N/A,?,N/A,?,N/A,N/A
N/A,N/A,N/A,260,N/A,N/A,N/A,3,N/A,N/A
N/A,4.3,N/A,300,N/A,N/A,N/A,14,N/A,N/A
N/A,N/A,N/A,225,10,N/A,N/A,1,N/A,N/A
N/A,4.1,N/A,245,N/A,28,N/A,3,N/A,N/A
Brent Ullery,4.33,N/A,N/A,N/A,29,"8'2""",N/A,N/A,N/A
N/A,N/A,N/A,285,14,29,N/A,8,N/A,N/A
N/A,3,N/A,315,24,"32""",N/A,16,N/A,N/A
N/A,N/A,N/A,N/A,N/A,N/A,N/A,N/A,N/A,N/A
N/A,N/A,N/A,N/A,N/A,N/A,N/A,N/A,N/A,N/A
N/A,N/A,N/A,N/A,N/A,N/A,N/A,N/A,N/A,N/A
N/A,N/A,N/A,260,N/A,N/A,N/A,12-Oct,N/A,300
N/A,N/A,N/A,315,N/A,N/A,N/A,N/A,N/A,N/A
N/A,N/a,N/A,300,N/A,25,N/A,15,N/A,N/A
N/A,N/A,N/A,250,N/A,N/A,N/A,5,N/A,N/A
N/A,4.4,N/A,255,N/A,31.1,N/A,5,N/A,N/A
N/A,N/A,N/A,N/A,N/A,N/A,N/A,N/A,N/A,N/A
N/A,N/A,N/A,240,6,35.1,120 in,1,N/A,N/A
N/A,N/A,N/A,275,N/A,N/A,N/A,6,N/A,N/A
N/A,4.47,N/A,N/A,N/A,N/A,N/A,N/A,N/A,N/A
N/A,N/A,N/A,245,N/A,N/A,N/A,N/A,N/A,N/A
N/A,N/A,N/A,N/A,N/A,N/A,N/A,N/A,N/A,N/A
N/A,N/A,N/A,N/A,N/A,N/A,N/A,N/A,N/A,N/A
N/A,N/A,N/A,220,N/A,N/A,N/A,N/A,N/A,N/A
N/A,N/A,N/A,225,N/A,N/A,N/A,N/A,N/A,N/A
N/A,4.3,N/A,275,N/A,37,N/A,6,N/A,N/A
N/A,N/A,N/A,N/A,N/A,N/A,N/A,N/A,N/A,N/A
N/A,Na,N/A,265,N/A,Na,N/A,4,N/A,N/A
N/A,N/A,N/A,250,N/A,N/A,N/A,N/A,N/A,N/A
N/A,N/a,N/A,N/A,N/A,N/A,N/A,N/A,N/A,N/A
N/A,N/A,N/A,225,N/A,33,N/A,N/A,N/A,N/A
N/A,N/A,N/A,N/A,N/A,N/A,N/A,N/A,N/A,N/A
N/A,N/A,N/A,N/A,N/A,N/A,N/A,N/A,N/A,N/A
Ohio State Camp June 2019,N/A,N/A,N/A,N/A,N/A,N/A,N/A,N/A,N/A
N/A,N/A,N/A,N/A,N/A,N/A,N/A,N/A,N/A,N/A
N/A,N/A,N/A,225,6,20.1,N/A,0,N/A,265
N/A,4.28,N/A,255,N/A,32”,N/A,4,N/A,N/A
N/A,4.78,N/A,275,N/A,22,N/A,7,N/A,N/A
Best of the Midwest Combine ,N/A,N/A,315,N/A,N/A,7'1,11,N/A,N/A
Laser ,N/A,N/A,N/A,N/A,N/A,N/A,N/A,N/A,N/A
N/A,N/A,N/A,315,N/A,N/A,N/A,13,N/A,N/A
N/A,4.15,N/A,245,N/A,25,N/A,3,N/A,N/A
N/A,N/A,N/A,N/A,N/A,N/A,N/A,N/A,N/A,N/A
N/A,4.33,N/A,N/A,N/A,34,9-Sep,N/A,N/A,N/A
High School Coach,N/A,N/A,N/A,N/A,N/A,N/A,N/A,N/A,N/A
N/A,4.1,N/A,N/A,N/A,N/A,N/A,N/A,N/A,N/A
Ohio State Football Camp,N/A,N/A,205,N/A,N/A,N/A,N/A,N/A,N/A
N/A,N/A,N/A,N/A,N/A,N/A,N/A,N/A,N/A,N/A
N/A,N/A,N/A,235,N/A,N/A,N/A,N/A,N/A,N/A
N/A,N/A,N/A,245,N/A,N/A,N/A,235,N/A,N/A
N/A,N/A,N/A,N/A,N/A,N/A,N/A,N/A,N/A,N/A
N/A,N/A,N/A,N/A,N/A,N/A,N/A,N/A,N/A,N/A
N/A,N/A,N/A,N/A,N/A,N/A,N/A,N/A,N/A,N/A
N/A,4.4,N/A,315,16,23,N/A,13,N/A,N/A
N/A,N/A,N/A,250,N/A,N/A,N/A,N/A,N/A,N/A
N/A,N/A,N/A,N/A,N/A,N/A,N/A,N/A,N/A,N/A
N/A,N/A,N/A,N/A,N/A,N/A,N/A,N/A,N/A,N/A
N/A,N/A,N/A,N/A,N/A,N/A,N/A,N/A,N/A,N/A
HS Coach,4.1,N/A,285,12,"29.5""","8'10""",8,N/A,285
N/A,N/A,N/A,305,20,N/A,N/A,13,N/A,N/A
N/A,N/A,N/A,N/A,N/A,N/A,N/A,N/A,N/A,N/A
coach,4.4,N/A,210,N/A,N/A,N/A,N/A,N/A,190
N/A,N/A,N/A,N/A,N/A,N/A,N/A,N/A,N/A,N/A
N/A,N/A,N/A,190,N/A,24,N/A,N/A,N/A,N/A
N/A,N/A,N/A,315,N/A,N/A,N/A,17,N/A,N/A
Coach,N/A,N/A,240,N/A,N/A,N/A,7,N/A,245
N/A,N/A,N/A,285,N/A,N/A,N/A,N/A,N/A,N/A
N/A,N/A,N/A,N/A,N/A,N/A,N/A,N/A,N/A,N/A
N/A,N/A,N/A,N/A,N/A,N/A,N/A,N/A,N/A,N/A
N/A,N/a,N/A,245,N/A,N/a,N/A,3,N/A,N/A
N/A,N/A,N/A,350,N/A,36.8,9’11,21,N/A,N/A
Joe McConnell,4.28,N/A,275,17,N/A,N/A,N/A,N/A,240
N/A,N/A,N/A,N/A,N/A,N/A,N/A,N/A,N/A,N/A
N/A,5.5,N/A,375,20,4 ft,N/A,15,N/A,255
coach joe mcconnell,4.3,N/A,235,10,N/A,N/A,3,N/A,205
N/A,N/A,N/A,N/A,N/A,38,N/A,N/A,N/A,N/A
Coach,N/A,N/A,315,25,N/A,6'8,18,N/A,225
N/A,N/A,N/A,N/A,N/A,N/A,N/A,N/A,N/A,N/A
N/A,N/A,N/A,N/A,N/A,N/A,N/A,N/A,N/A,N/A
N/A,4.3,N/A,205,N/A,29’,N/A,N/A,N/A,N/A
N/A,4.2,N/A,205,N/A,N/a,N/A,N/a,N/A,N/A
N/A,N/A,N/A,225,N/A,N/A,N/A,N/A,N/A,225
N/A,N/A,N/A,315,N/A,N/A,N/A,N/A,N/A,N/A
N/A,N/A,N/A,N/A,N/A,N/A,N/A,4,N/A,N/A
N/A,N/A,N/A,N/A,N/A,N/A,N/A,N/A,N/A,N/A
N/A,N/A,N/A,300,N/A,24,94,10,N/A,N/A
N/A,N/A,N/A,N/A,N/A,N/A,N/A,N/A,N/A,N/A
N/A,N/A,N/A,N/A,N/A,N/A,N/A,N/A,N/A,N/A
N/A,N/A,N/A,N/A,N/A,N/A,N/A,N/A,N/A,N/A
N/A,N/A,N/A,N/A,N/A,N/A,N/A,N/A,N/A,N/A
N/A,N/A,N/A,N/A,N/A,N/A,N/A,N/A,N/A,N/A
N/A,N/A,N/A,240,8,N/A,N/A,N/A,N/A,N/A
N/A,4.1,N/A,225,N/A,32.5,N/A,N/A,N/A,N/A
N/A,N/A,N/A,N/A,N/A,N/A,N/A,N/A,N/A,N/A
Stopwatch,N/A,N/A,275,8,34,N/A,N/A,N/A,255
HAP Lineman Academy (6/28/20),4.77,N/A,N/A,N/A,N/A,"8'0""",21,N/A,N/A
N/A,4.3,N/A,300,N/A,20,N/A,12,N/A,N/A
N/A,N/A,N/A,275,N/A,N/A,N/A,N/A,N/A,N/A
N/A,N/A,N/A,N/A,N/A,N/A,N/A,N/A,N/A,N/A
AP Prep,4.31,N/A,325,N/A,27,8.6,12,N/A,275
Sycamore High School Coaches,N/A,N/A,225,8,23,101,1,N/A,200
N/A,N/A,N/A,245,8,N/A,N/A,3,N/A,225
N/A,N/A,N/A,N/A,N/A,N/A,N/A,N/A,N/A,N/A
N/A,N/A,N/A,N/A,N/A,N/A,N/A,N/A,N/A,N/A
N/A,N/A,N/A,225,N/A,N/A,N/A,1,N/A,N/A
N/A,N/A,N/A,N/A,N/A,N/A,N/A,N/A,N/A,N/A
N/A,4.3,N/A,275,N/A,N/A,N/A,7,N/A,N/A
N/A,N/A,N/A,315,N/A,N/A,N/A,11,N/A,N/A
N/A,N/A,N/A,N/A,N/A,N/A,N/A,N/A,N/A,N/A
N/A,N/A,N/A,275,N/A,17,N/A,N/A,N/A,245
N/A,N/A,N/A,N/A,N/A,N/A,N/A,N/A,N/A,N/A
N/A,N/A,N/A,245,N/A,25.2,N/A,N/A,N/A,N/A
N/A,N/A,N/A,N/A,N/A,N/A,N/A,N/A,N/A,N/A
N/A,N/A,N/A,N/A,N/A,N/A,N/A,N/A,N/A,N/A
N/A,N/A,N/A,155,N/A,N/A,N/A,N/A,N/A,N/A
N/A,N/A,N/A,N/A,N/A,N/A,N/A,N/A,N/A,N/A
N/A,4.6,N/A,315,N/A,27,N/A,15,N/A,225
N/A,N/A,N/A,N/A,N/A,N/A,N/A,N/A,N/A,N/A
N/A,n/a,N/A,205,10 reps,n/a,N/A,n/a,N/A,N/A
N/A,N/A,N/A,N/A,N/A,N/A,N/A,N/A,N/A,N/A
N/A,N/a,N/A,N/a,N/A,N/a,N/A,N/a,N/A,N/A
N/A,None,N/A,240,N/A,None,N/A,15,N/A,N/A
N/A,2.6,N/A,245,N/A,36,N/A,N/A,N/A,N/A
N/A,N/A,N/A,N/A,N/A,N/A,N/A,N/A,N/A,N/A
N/A,N/A,N/A,N/A,N/A,N/A,N/A,N/A,N/A,N/A
N/A,4.7,N/A,315,N/A,N/A,N/A,14,N/A,N/A
N/A,N/A,N/A,385,N/A,N/A,N/A,30,N/A,N/A
N/A,N/A,N/A,175,N/A,30,N/A,0,N/A,N/A
N/A,N/A,N/A,315,N/A,N/A,N/A,10,N/A,N/A
N/A,N/A,N/A,265,N/A,N/A,N/A,4,N/A,N/A
N/A,N/A,N/A,N/A,N/A,N/A,N/A,N/A,N/A,N/A
N/A,4.84,N/A,N/A,N/A,N/A,N/A,N/A,N/A,N/A
N/A,N/A,N/A,N/A,N/A,N/A,N/A,N/A,N/A,N/A
N/A,N/A,N/A,N/A,N/A,N/A,N/A,N/A,N/A,N/A
hand,N/A,N/A,210,5,31,11,0,N/A,215
N/A,N/A,N/A,295,N/A,"39""",N/A,8,N/A,N/A
N/A,N/A,N/A,N/A,N/A,N/A,N/A,N/A,N/A,N/A
N/A,N/A,N/A,N/A,N/A,N/A,N/A,N/A,N/A,N/A
N/A,N/A,N/A,300,N/A,29.5,N/A,12,N/A,275
N/A,3,N/A,400,N/A,28,N/A,12,N/A,N/A
Toledo Coach,N/A,N/A,270,12,N/A,N/A,6,N/A,N/A
N/A,N/A,N/A,225,N/A,"31""","9'3""",1,N/A,N/A
N/A,N/A,N/A,N/A,N/A,N/A,N/A,N/A,N/A,N/A
N/A,4.37,N/A,140,N/A,25.1,N/A,N/A,N/A,N/A
N/A,N/A,N/A,260,15,N/A,N/A,5,N/A,N/A
N/A,Never done,N/A,245,N/A,Never done,N/A,6,N/A,N/A
Massillon Washington high school camp  ,4.3,N/A,300,N/A,N/A,N/A,N/A,N/A,N/A
N/A,N/A,N/A,205,N/A,26,N/A,N/A,N/A,N/A
N/A,N/A,N/A,N/A,N/A,N/A,N/A,N/A,N/A,N/A
N/A,N/A,N/A,N/A,N/A,N/A,N/A,N/A,N/A,N/A
N/A,N/A,N/A,N/A,N/A,N/A,N/A,N/A,N/A,N/A
N/A,4.49,N/A,175,N/A,29,N/A,0,N/A,N/A
N/A,N/A,N/A,180,N/A,N/A,N/A,N/A,N/A,N/A
N/A,N/A,N/A,235,N/A,32,N/A,3,N/A,N/A
N/A,N/A,N/A,225,N/A,N/A,N/A,1,N/A,N/A
N/A,4.31,N/A,315,17,"32""","9'1""",N/A,N/A,235
N/A,N/A,N/A,N/A,N/A,N/A,N/A,N/A,N/A,N/A
Speed Strength,4.8,N/A,240,N/A,N/A,7.5,3,N/A,235
N/A,4.8,N/A,N/A,N/A,N/A,N/A,N/A,N/A,N/A
N/A,N/A,N/A,230,N/A,N/A,N/A,3,N/A,N/A
N/A,N/A,N/A,N/A,N/A,N/A,N/A,N/A,N/A,N/A
Trainer,3.98,N/A,275,14,33.5,"9' 4""",6,N/A,275
Coach Parker,N/A,N/A,235,8,33,9’5’,3,N/A,N/A
N/A,N/A,N/A,335,N/A,N/A,N/A,16,N/A,270
N/A,5.1,N/A,200,N/A,17,N/A,N/A,N/A,N/A
N/A,N/A,N/A,N/A,N/A,N/A,N/A,N/A,N/A,N/A
N/A,N/A,N/A,N/A,N/A,N/A,N/A,N/A,N/A,N/A
N/A,N/A,N/A,N/A,N/A,N/A,N/A,N/A,N/A,N/A
N/A,4.7,N/A,185,N/A,38,N/A,1,N/A,N/A
N/A,N/A,N/A,240,N/A,36.5,N/A,N/A,N/A,N/A
N/A,N/A,N/A,250,N/A,N/A,N/A,3,N/A,N/A
N/A,N/A,N/A,230,N/A,32,N/A,2,N/A,N/A
N/A,N/A,N/A,210,N/A,N/A,N/A,N/A,N/A,N/A
N/A,N/A,N/A,255,N/A,N/A,N/A,N/A,N/A,N/A
N/A,N/A,N/A,N/A,N/A,N/A,N/A,N/A,N/A,N/A
N/A,n/a,N/A,225,N/A,n/a,N/A,1,N/A,N/A
N/A,N/A,N/A,N/A,N/A,N/A,N/A,N/A,N/A,N/A
N/A,N/A,N/A,205,N/A,N/A,N/A,N/A,N/A,N/A
N/A,5.2,N/A,315,25,N/A,N/A,10,N/A,235
N/A,N/A,N/A,N/A,N/A,N/A,N/A,N/A,N/A,N/A
N/A,4.13,N/A,230,N/A,31,N/A,2,N/A,N/A
N/A,4.4,N/A,N/A,N/A,25,N/A,N/A,N/A,N/A
N/A,N/A,N/A,350,N/A,N/A,N/A,11 reps,N/A,N/A
N/A,N/A,N/A,N/A,N/A,N/A,N/A,N/A,N/A,N/A
N/A,N/A,N/A,215,12,N/A,N/A,1,N/A,N/A
N/A,N/A,N/A,N/A,N/A,N/A,N/A,N/A,N/A,N/A
Hand,5. 15,N/A,N/A,N/A,N/A,N/A,N/A,N/A,N/A
N/A,N/A,N/A,225,N/A,N/A,N/A,N/A,N/A,N/A
Trainer,4.31,N/A,225,N/A,23,N/A,1,N/A,N/A
N/A,N/A,N/A,N/A,N/A,N/A,N/A,N/A,N/A,N/A
N/A,N/A,N/A,N/A,N/A,N/A,N/A,N/A,N/A,N/A
N/A,N/A,N/A,N/A,N/A,N/A,N/A,N/A,N/A,N/A
N/A,N/A,N/A,235,N/A,N/A,N/A,N/A,N/A,N/A
N/A,N/A,N/A,N/A,N/A,N/A,N/A,N/A,N/A,N/A
N/A,N/A,N/A,250,10,N/A,"9,0",5,N/A,225
N/A,N/A,N/A,N/A,N/A,N/A,N/A,N/A,N/A,N/A
Coach,4.24,N/A,N/A,N/A,N/A,N/A,N/A,N/A,N/A
N/A,4.65,N/A,215,N/A,32”,N/A,0,N/A,N/A
N/A,N/A,N/A,275,18,N/A,N/A,15,N/A,245
N/A,N/A,N/A,N/A,N/A,N/A,N/A,N/A,N/A,N/A
N/A,N/A,N/A,250,N/A,33,N/A,7,N/A,N/A
N/A,5,N/A,255,20,8 inches ,N/A,6,N/A,250
N/A,N/A,N/A,235,N/A,N/A,N/A,3,N/A,N/A
N/A,4.4,N/A,225,N/A,N/A,N/A,1,N/A,N/A
N/A,4.87,N/A,280,N/A,N/A,N/A,5,N/A,N/A
N/A,4.7,N/A,225,N/A,28.6,N/A,1,N/A,N/A
N/A,N/A,N/A,N/A,N/A,N/A,N/A,N/A,N/A,N/A
N/A,1.98,N/A,N/A,N/A,N/A,N/A,4 times ,N/A,N/A
N/A,N/A,N/A,N/A,N/A,N/A,N/A,N/A,N/A,N/A
N/A,N/A,N/A,N/A,N/A,N/A,N/A,N/A,N/A,N/A
N/A,4.9,N/A,245,N/A,22.5,N/A,N/A,N/A,N/A
N/A,N/A,N/A,255,N/A,N/A,N/A,4,N/A,N/A
N/A,N/A,N/A,N/A,N/A,N/A,N/A,N/A,N/A,N/A
N/A,N/A,N/A,N/A,N/A,N/A,N/A,N/A,N/A,N/A
N/A,N/A,N/A,N/A,N/A,N/A,N/A,N/A,N/A,N/A
N/A,N/A,N/A,N/A,N/A,N/A,N/A,N/A,N/A,N/A
N/A,N/A,N/A,225,6,N/A,N/A,2,N/A,225
N/A,N/A,N/A,N/A,N/A,24,N/A,N/A,N/A,N/A
N/A,N/A,N/A,N/A,N/A,N/A,N/A,N/A,N/A,N/A
N/A,N/A,N/A,N/A,N/A,N/A,N/A,N/A,N/A,N/A
N/A,4.8,N/A,315,20,24 inches,8 feet 9 inches,14,N/A,240
N/A,N/A,N/A,N/A,N/A,N/A,N/A,N/A,N/A,N/A
N/A,N/A,N/A,260,N/A,N/A,N/A,N/A,N/A,N/A
N/A,N/A,N/A,335,N/A,N/A,N/A,18,N/A,N/A
N/A,N/A,N/A,N/A,N/A,34,N/A,12,N/A,N/A
N/A,N/A,N/A,250,N/A,N/A,N/A,7,N/A,N/A
Coach ,N/A,N/A,225,5,32 inches,N/A,1,N/A,N/A
N/A,4.26,N/A,235,N/A,32,N/A,2,N/A,N/A
N/A,4.4,N/A,N/A,N/A,N/A,N/A,N/A,N/A,N/A
N/A,N/A,N/A,N/A,N/A,N/A,N/A,N/A,N/A,N/A
N/A,N/A,N/A,245,14,30,N/A,5,N/A,250
N/A,N/A,N/A,N/A,N/A,N/A,N/A,N/A,N/A,N/A
N/A,N/A,N/A,290,20,N/A,N/A,8,N/A,245
N/A,N/A,N/A,N/A,N/A,N/A,N/A,N/A,N/A,N/A
N/A,N/A,N/A,N/A,N/A,N/A,N/A,N/A,N/A,N/A
"F.A.S.T. Lima, Ohio ",4.31,N/A,N/A,N/A,34.3,10',N/A,N/A,N/A
N/A,Not sure,N/A,275,N/A,Not sure,N/A,Not sire,N/A,N/A
N/A,N/A,N/A,315,N/A,N/A,N/A,N/A,N/A,N/A
N/A,N/A,N/A,245,N/A,N/A,N/A,N/A,N/A,N/A
N/A,4.3,N/A,225,7,32”,9’0”,1,N/A,215
N/A,N/A,N/A,195,N/A,"23""",N/A,N/A,N/A,N/A
N/A,N/A,N/A,225,N/A,30,N/A,N/A,N/A,N/A
N/A,N/A,N/A,N/A,N/A,N/A,N/A,N/A,N/A,N/A
N/A,N/A,N/A,285,12,N/A,N/A,8,N/A,N/A
N/A,N/A,N/A,N/A,N/A,N/A,N/A,N/A,N/A,N/A
N/A,N/A,N/A,N/A,N/A,N/A,N/A,N/A,N/A,N/A
N/A,N/A,N/A,N/A,N/A,N/A,N/A,N/A,N/A,N/A
N/A,4.3,N/A,245,N/A,30,N/A,7,N/A,N/A
N/A,N/A,N/A,255,10,N/A,N/A,3,N/A,N/A
N/A,N/A,N/A,N/A,N/A,N/A,N/A,N/A,N/A,N/A
N/A,N/A,N/A,N/A,N/A,N/A,N/A,N/A,N/A,N/A
N/A,N/A,N/A,N/A,N/A,30,N/A,10,N/A,N/A
N/A,N/A,N/A,N/A,N/A,N/A,N/A,N/A,N/A,N/A
My School,N/A,N/A,275,14,N/A,"8'11""",6,N/A,N/A
N/A,N/A,N/A,225,N/A,N/A,N/A,1,N/A,N/A
N/A,4.1,N/A,285,10,30,N/A,5,N/A,N/A
N/A,N/A,N/A,N/A,12,N/A,N/A,5,N/A,N/A
N/A,N/A,N/A,240,N/A,28,N/A,2,N/A,N/A
N/A,4.51,N/A,N/A,N/A,29,N/A,N/A,N/A,N/A
N/A,N/A,N/A,295,N/A,N/A,N/A,10,N/A,N/A
N/A,N/A,N/A,N/A,N/A,N/A,N/A,N/A,N/A,N/A
N/A,NA,N/A,280,N/A,NA,N/A,5,N/A,N/A
N/A,N/A,N/A,205,N/A,N/A,N/A,N/A,N/A,N/A
N/A,4.66,N/A,200,N/A,25,N/A,None,N/A,N/A
N/A,N/A,N/A,N/A,N/A,N/A,N/A,N/A,N/A,N/A
N/A,N/A,N/A,N/A,N/A,31,N/A,N/A,N/A,N/A
N/A,N/A,N/A,N/A,N/A,N/A,N/A,N/A,N/A,N/A
N/A,None,N/A,190 lbs ,N/A,None ,N/A,None,N/A,N/A
N/A,N/A,N/A,225,N/A,N/A,N/A,3,N/A,N/A
N/A,4.41,N/A,N/A,N/A,N/A,N/A,N/A,N/A,N/A
N/A,N/A,N/A,270,N/A,30.7,N/A,6,N/A,N/A
Mike Pavlansky ,N/A,N/A,245,9,32’’,9’0’’,3,N/A,N/A
N/A,N/A,N/A,315,N/A,27,N/A,11,N/A,N/A
N/A,N/A,N/A,N/A,N/A,N/A,N/A,N/A,N/A,N/A
N/A,N/A,N/A,250,N/A,N/A,N/A,3,N/A,N/A
N/A,4.9,N/A,230,N/A,32,N/A,2,N/A,N/A
N/A,N/A,N/A,N/A,N/A,N/A,N/A,N/A,N/A,N/A
N/A,N/A,N/A,250,N/A,N/A,N/A,6,N/A,N/A
N/A,N/A,N/A,205,N/A,26,N/A,N/A,N/A,N/A
N/A,N/A,N/A,N/A,N/A,N/A,N/A,N/A,N/A,N/A
N/A,N/A,N/A,315,N/A,N/A,N/A,N/A,N/A,N/A
N/A,N/A,N/A,195,N/A,39,N/A,N/A,N/A,N/A
N/A,N/A,N/A,N/A,N/A,N/A,N/A,N/A,N/A,N/A
N/A,N/A,N/A,N/A,N/A,N/A,N/A,N/A,N/A,N/A
N/A,N/A,N/A,205,N/A,N/A,N/A,N/A,N/A,N/A
N/A,N/A,N/A,190,N/A,N/A,N/A,N/A,N/A,N/A
N/A,N/A,N/A,255,10,30,N/A,5,N/A,250
Coaches,4.45,N/A,185,N/A,31”,8’9,N/A,N/A,185
N/A,N/A,N/A,N/A,N/A,N/A,N/A,N/A,N/A,N/A
N/A,N/A,N/A,N/A,N/A,29,N/A,N/A,N/A,N/A
N/A,N/A,N/A,N/A,N/A,N/A,N/A,N/A,N/A,N/A
N/A,N/A,N/A,N/A,N/A,N/A,N/A,N/A,N/A,N/A
N/A,N/A,N/A,330,N/A,33,N/A,20,N/A,N/A
N/A,N/A,N/A,200,N/A,N/A,N/A,N/A,N/A,N/A
N/A,N/A,N/A,240,13,N/A,N/A,2,N/A,N/A
N/A,N/A,N/A,N/A,N/A,N/A,N/A,N/A,N/A,N/A
N/A,N/A,N/A,195,N/A,30,N/A,N/A,N/A,N/A
N/A,N/A,N/A,245,N/A,N/A,N/A,N/A,N/A,N/A
N/A,N/A,N/A,N/A,N/A,N/A,N/A,N/A,N/A,N/A
N/A,N/A,N/A,185,N/A,N/A,N/A,N/A,N/A,N/A
N/A,N/A,N/A,N/A,N/A,22,N/A,N/A,N/A,N/A
N/A,N/A,N/A,N/A,N/A,N/A,N/A,N/A,N/A,N/A
N/A,4.12,N/A,275,18,34,N/A,10,N/A,250
N/A,N/A,N/A,245,N/A,24.5,N/A,N/A,N/A,N/A
Head Coach,4.4,N/A,185,1,32,9'2,N/A,N/A,185
N/A,N/A,N/A,N/A,N/A,N/A,N/A,N/A,N/A,N/A
N/A,N/A,N/A,N/A,N/A,N/A,N/A,N/A,N/A,N/A
N/A,N/A,N/A,N/A,N/A,N/A,N/A,N/A,N/A,N/A
N/A,N/A,N/A,205,N/A,N/A,N/A,N/A,N/A,N/A
N/A,N/A,N/A,N/A,N/A,N/A,N/A,N/A,N/A,N/A
N/A,N/A,N/A,305,N/A,N/A,N/A,N/A,N/A,N/A
N/A,N/A,N/A,215,N/A,28inch,N/A,N/A,N/A,N/A
ApPrep,4.09,N/A,270,12,"29.9""",9',5,N/A,235
N/A,N/A,N/A,N/A,N/A,N/A,N/A,N/A,N/A,N/A
Stopwatch ,N/A,N/A,N/A,N/A,N/A,N/A,N/A,N/A,225
N/A,N/A,N/A,205,N/A,N/A,N/A,N/A,N/A,N/A
N/A,N/A,N/A,N/A,N/A,N/A,N/A,N/A,N/A,N/A
N/A,4.8,N/A,265,N/A,N/A,N/A,3,N/A,N/A
N/A,N/A,N/A,365,N/A,N/A,N/A,17,N/A,N/A
N/A,N/A,N/A,205,N/A,N/A,N/A,N/A,N/A,215
N/A,N/A,N/A,225,N/A,N/A,N/A,N/A,N/A,N/A
coaching staff,4.43,N/A,235,N/A,33.5,N/A,N/A,N/A,235
N/A,N/A,N/A,N/A,N/A,N/A,N/A,N/A,N/A,N/A
N/A,N/A,N/A,265,N/A,N/A,N/A,15,N/A,N/A
N/A,N/A,N/A,275,N/A,N/A,N/A,N/A,N/A,N/A
N/A,N/A,N/A,255,N/A,N/A,N/A,N/A,N/A,N/A
N/A,N/A,N/A,N/A,N/A,N/A,N/A,N/A,N/A,N/A
N/A,N/A,N/A,315,N/A,N/A,N/A,N/A,N/A,N/A
N/A,N/A,N/A,N/A,N/A,N/A,N/A,N/A,N/A,N/A
N/A,N/A,N/A,N/A,N/A,N/A,N/A,N/A,N/A,N/A
N/A,N/A,N/A,N/A,N/A,N/A,N/A,N/A,N/A,N/A
N/A,N/A,N/A,N/A,N/A,N/A,N/A,N/A,N/A,N/A
N/A,N/A,N/A,190,N/A,N/A,N/A,N/A,N/A,195
N/A,N/A,N/A,N/A,N/A,N/A,N/A,N/A,N/A,N/A
N/A,N/A,N/A,275,N/A,N/A,6.6,5,N/A,N/A
N/A,N/A,N/A,N/A,N/A,33.8,N/A,N/A,N/A,N/A
N/A,N/A,N/A,N/A,N/A,33,N/A,N/A,N/A,N/A
N/A,N/A,N/A,N/A,N/A,N/A,N/A,N/A,N/A,N/A
N/A,N/A,N/A,320,N/A,"26""",N/A,20,N/A,N/A
NCEC National recruiting ,4.3,N/A,270,13,35 inches,"9,1",6,N/A,N/A
N/A,N/A,N/A,280,N/A,32.5,N/A,8,N/A,N/A
N/A,4.2,N/A,225,7,28,104,1,N/A,225
N/A,N/A,N/A,185,N/A,N/A,N/A,N/A,N/A,N/A
Laser,1.7,N/A,245,8,34,"9ft,11inches",3,N/A,N/A
N/A,N/A,N/A,365,N/A,N/A,N/A,10,N/A,N/A
N/A,N/A,N/A,325,N/A,N/A,N/A,N/A,N/A,N/A
N/A,3.9,N/A,305,N/A,29.75,N/A,14,N/A,N/A
N/A,N/A,N/A,N/A,N/A,N/A,N/A,N/A,N/A,N/A
N/A,N/A,N/A,N/A,N/A,N/A,N/A,N/A,N/A,N/A
N/A,N/A,N/A,265,14,N/A,N/A,6,N/A,N/A
N/A,N/A,N/A,N/A,N/A,N/A,N/A,N/A,N/A,N/A
N/A,N/A,N/A,250,N/A,N/A,N/A,N/A,N/A,N/A
N/A,N/A,N/A,N/A,N/A,N/A,N/A,N/A,N/A,N/A
N/A,N/A,N/A,250,N/A,N/A,N/A,5,N/A,N/A
N/A,N/A,N/A,N/A,N/A,N/A,N/A,N/A,N/A,N/A
N/A,N/A,N/A,N/A,N/A,N/A,N/A,N/A,N/A,N/A
N/A,N/A,N/A,245,N/A,N/A,N/A,3,N/A,N/A
N/A,N/A,N/A,235,N/A,N/A,N/A,4,N/A,N/A
N/A,4.3,N/A,225,N/A,N/A,N/A,N/A,N/A,N/A
N/A,N/A,N/A,290,N/A,24”,N/A,7,N/A,190
Top 200,N/A,N/A,225,N/A,N/A,N/A,1,N/A,N/A
N/A,N/A,N/A,N/A,N/A,N/A,N/A,N/A,N/A,N/A
N/A,N/A,N/A,145,0,28,106.5,0,N/A,N/A
N/A,N/A,N/A,N/A,N/A,N/A,N/A,N/A,N/A,N/A
N/A,4.19,N/A,225,11 reps,36,9.4,1 rep,N/A,N/A
N/A,N/A,N/A,N/A,N/A,N/A,N/A,N/A,N/A,N/A
N/A,N/A,N/A,195,N/A,N/A,N/A,N/A,N/A,N/A
N/A,N/A,N/A,N/A,N/A,N/A,N/A,N/A,N/A,N/A
N/A,N/A,N/A,N/A,N/A,N/A,N/A,N/A,N/A,N/A
N/A,N/A,N/A,N/A,N/A,N/A,N/A,N/A,N/A,N/A
N/A,N/A,N/A,N/A,N/A,N/A,N/A,N/A,N/A,N/A
N/A,N/A,N/A,190,N/A,N/A,N/A,0,N/A,N/A
N/A,na,N/A,265,N/A,27,N/A,9,N/A,N/A
N/A,3.9,N/A,235,N/A,40.4 inches,10ft 3in,1,N/A,255
N/A,N/A,N/A,N/A,N/A,N/A,N/A,N/A,N/A,N/A
N/A,idk,N/A,235,N/A,idk,N/A,3,N/A,N/A
N/A,N/A,N/A,250,N/A,N/A,N/A,4,N/A,N/A
N/A,N/A,N/A,270,N/A,N/A,N/A,7,N/A,N/A
N/A,N/A,N/A,N/A,N/A,N/A,N/A,N/A,N/A,N/A
N/A,N/A,N/A,N/A,N/A,N/A,N/A,N/A,N/A,N/A
N/A,10.4,N/A,240,N/A,N/A,N/A,N/A,N/A,N/A
N/A,4.66,N/A,200,N/A,N/A,N/A,N/A,N/A,N/A
N/A,N/A,N/A,250,N/A,N/A,N/A,N/A,N/A,N/A
N/A,N/A,N/A,285,N/A,32 inches,N/A,14,N/A,N/A
N/A,N/A,N/A,215,N/A,33.7,N/A,0,N/A,N/A
Michigan state ,N/A,N/A,250,35,38,N/A,10,N/A,N/A
N/A,N/A,N/A,235,N/A,N/A,N/A,2,N/A,N/A
N/A,N/A,N/A,N/A,N/A,N/A,N/A,N/A,N/A,N/A
N/A,N/A,N/A,N/A,N/A,N/A,N/A,N/A,N/A,N/A
N/A,N/A,N/A,225,N/A,32,N/A,N/A,N/A,N/A
N/A,4.7,N/A,325,16,26.8,N/A,4,N/A,N/A
N/A,4.3,N/A,350,27,33,"9'7""",22,N/A,245
N/A,N/A,N/A,225,N/A,N/A,N/A,5,N/A,N/A
N/A,N/A,N/A,N/A,N/A,N/A,N/A,N/A,N/A,N/A
N/A,N/A,N/A,N/A,N/A,N/A,N/A,N/A,N/A,N/A
Track coach,4.3,N/A,270,12,32’,8’10,6,N/A,N/A
N/A,N/A,N/A,215,N/A,N/A,N/A,0,N/A,N/A
N/A,N/A,N/A,N/A,N/A,N/A,N/A,N/A,N/A,N/A
N/A,N/A,N/A,N/A,N/A,N/A,N/A,N/A,N/A,N/A
hand,4.22,N/A,255,N/A,31,N/A,N/A,N/A,225
N/A,N/A,N/A,190,N/A,N/A,N/A,0,N/A,N/A
Coach,N/A,N/A,245,11,N/A,9,4,N/A,N/A
N/A,N/A,N/A,330,N/A,N/A,N/A,N/A,N/A,N/A
N/A,4.18,N/A,200,N/A,32,N/A,N/A,N/A,N/A
N/A,N/A,N/A,N/A,N/A,N/A,N/A,N/A,N/A,N/A
N/A,N/A,N/A,N/A,N/A,N/A,N/A,N/A,N/A,N/A
N/A,4.3,N/A,210,N/A,30,N/A,N/A,N/A,N/A
Former College Coach Dave Walkosky,4.22,N/A,300,18,33,9’4,10,N/A,245
N/A,4.25,N/A,325,N/A,N/A,N/A,N/A,N/A,N/A
N/A,N/A,N/A,N/A,N/A,N/A,N/A,N/A,N/A,N/A
N/A,N/A,N/A,225,6,29,"8'6""",N/A,N/A,N/A
N/A,4.01,N/A,225,N/A,31,N/A,1,N/A,N/A
N/A,3.9,N/A,275,N/A,3.6,N/A,6,N/A,260 (Hang Clean)
N/A,N/A,N/A,N/A,N/A,37,N/A,N/A,N/A,N/A
N/A,N/A,N/A,N/A,N/A,N/A,N/A,N/A,N/A,N/A
N/A,N/A,N/A,N/A,N/A,N/A,N/A,N/A,N/A,N/A
N/A,N/A,N/A,275,25,N/A,N/A,10,N/A,N/A
N/A,N/A,N/A,N/A,N/A,N/A,N/A,N/A,N/A,N/A
N/A,N/A,N/A,180,N/A,N/A,N/A,160,N/A,N/A
N/A,N/A,N/A,N/A,N/A,N/A,N/A,N/A,N/A,N/A
N/A,N/A,N/A,305,N/A,N/A,N/A,N/A,N/A,N/A
N/A,N/A,N/A,225,N/A,N/A,N/A,N/A,N/A,N/A
N/A,N/A,N/A,225,N/A,N/A,N/A,N/A,N/A,N/A
N/A,N/A,N/A,N/A,N/A,N/A,N/A,N/A,N/A,N/A
N/A,N/A,N/A,N/A,N/A,N/A,N/A,N/A,N/A,N/A
N/A,N/A,N/A,N/A,N/A,N/A,N/A,N/A,N/A,N/A
N/A,N/A,N/A,35”,N/A,N/A,N/A,18,N/A,N/A
N/A,N/A,N/A,215,N/A,N/A,N/A,0,N/A,N/A
Coach,N/A,N/A,215,N/A,N/A,N/A,N/A,N/A,N/A
Ryan Ross,3.98,N/A,350,28,31,"9' 7""",25,N/A,315
Hand,N/A,N/A,285,N/A,24”,N/A,N/A,N/A,275
N/A,4.5,N/A,230,N/A,35 inches,N/A,3,N/A,N/A
N/A,N/A,N/A,196,N/A,N/A,N/A,6x,N/A,N/A
N/A,N/A,N/A,N/A,N/A,N/A,N/A,325,N/A,N/A
N/A,N/A,N/A,315,N/A,N/A,N/A,15,N/A,N/A
N/A,N/A,N/A,N/A,N/A,28,N/A,N/A,N/A,N/A
N/A,4.44,N/A,225,N/A,33,N/A,1,N/A,N/A
N/A,N/A,N/A,145,N/A,N/A,N/A,0,N/A,N/A
N/A,N/A,N/A,N/A,N/A,N/A,N/A,N/A,N/A,N/A
N/A,N/A,N/A,405,N/A,N/A,N/A,N/A,N/A,N/A
N/A,4.5,N/A,225,N/A,9’2,N/A,1,N/A,N/A
N/A,N/A,N/A,235,N/A,N/A,N/A,4,N/A,N/A
N/A,4.27,N/A,250,N/A,34.5,N/A,4,N/A,N/A
N/A,N/A,N/A,295,N/A,N/A,N/A,N/A,N/A,260
N/A,N/A,N/A,N/A,N/A,N/A,N/A,N/A,N/A,N/A
N/A,N/A,N/A,200,N/A,N/A,N/A,N/A,N/A,N/A
Tiffin camp,3.45,N/A,295,N/A,25,8.5,N/A,N/A,N/A
N/A,4.2,N/A,350,N/A,21,N/A,15,N/A,N/A
N/A,4.3,N/A,315,N/A,30,N/A,13,N/A,N/A
N/A,N/A,N/A,N/A,N/A,32,N/A,4,N/A,N/A
N/A,N/A,N/A,205,N/A,N/A,N/A,N/A,N/A,N/A
 Akron University,4.9,N/A,300,N/A,N/A,N/A,12,N/A,200
N/A,5.2,N/A,300,20,26.5,90,10,N/A,260
N/A,N/A,N/A,275,28,N/A,N/A,10,N/A,N/A
N/A,N/A,N/A,N/A,N/A,N/A,N/A,N/A,N/A,N/A
N/A,N/A,N/A,175,N/A,N/A,N/A,N/A,N/A,N/A
N/A,4.43,N/A,275,26,36in ,113 in ,N/A,N/A,N/A
N/A,N/A,N/A,N/A,N/A,N/A,N/A,N/A,N/A,N/A
ap prep,4.2,N/A,285,15,N/A,N/A,9,N/A,225
N/A,N/A,N/A,210,N/A,N/A,N/A,N/A,N/A,N/A
N/A,N/A,N/A,160,N/A,25.6,N/A,N/A,N/A,N/A
N/A,N/A,N/A,N/A,N/A,19,N/A,N/A,N/A,N/A
N/A,5,N/A,275,N/A,N/A,N/A,6,N/A,N/A
N/A,N/A,N/A,275,N/A,N/A,N/A,N/A,N/A,N/A
N/A,N/A,N/A,315,16,N/A,N/A,10,N/A,235
N/A,N/A,N/A,N/A,N/A,N/A,N/A,N/A,N/A,N/A
N/A,N/A,N/A,250,N/A,32.1,N/A,3,N/A,N/A
N/A,N/A,N/A,N/A,N/A,N/A,N/A,N/A,N/A,N/A
N/A,N/A,N/A,N/A,N/A,N/A,N/A,N/A,N/A,N/A
N/A,N/A,N/A,N/A,N/A,N/A,N/A,N/A,N/A,N/A
N/A,N/A,N/A,265,N/A,N/A,N/A,7,N/A,N/A
N/A,5,N/A,315,N/A,14,N/A,17,N/A,N/A
N/A,N/A,N/A,N/A,N/A,N/A,N/A,N/A,N/A,N/A
N/A,4.96,N/A,N/A,N/A,N/A,7’8”,N/A,N/A,N/A
N/A,N/A,N/A,N/A,N/A,N/A,N/A,N/A,N/A,N/A
N/A,4.93,N/A,275,N/A,N/A,8’1,N/A,N/A,N/A
N/A,N/A,N/A,N/A,N/A,N/A,N/A,N/A,N/A,N/A
N/A,N/A,N/A,N/A,N/A,N/A,N/A,N/A,N/A,N/A
N/A,Na,N/A,200,N/A,Na,N/A,Once ,N/A,N/A
N/A,N/A,N/A,N/A,N/A,N/A,N/A,N/A,N/A,N/A
tom deluca,4.4,N/A,280,26,26,"8'6""",15,N/A,315
N/A,N/A,N/A,280,N/A,38’,10’2,9,N/A,N/A
N/A,N/A,N/A,200,5,N/A,N/A,N/A,N/A,N/A
N/A,N/A,N/A,185,N/A,N/A,N/A,N/A,N/A,N/A
N/A,4.1,N/A,N/A,N/A,N/A,N/A,N/A,N/A,N/A
N/A,N/A,N/A,380,N/A,N/A,N/A,26,N/A,255
N/A,N/A,N/A,N/A,N/A,N/A,N/A,N/A,N/A,N/A
N/A,N/A,N/A,205,N/A,37,N/A,N/A,N/A,N/A
N/A,N/A,N/A,190,N/A,N/A,N/A,N/A,N/A,N/A
N/A,N/A,N/A,275,N/A,33,N/A,7,N/A,N/A
N/A,N/A,N/A,N/A,N/A,N/A,N/A,N/A,N/A,N/A
N/A,N/A,N/A,N/A,N/A,N/A,N/A,N/A,N/A,N/A
N/A,N/A,N/A,N/A,N/A,N/A,N/A,N/A,N/A,N/A
N/A,N/A,N/A,N/A,N/A,N/A,N/A,N/A,N/A,N/A
Tiffin U,4.44,N/A,N/A,N/A,N/A,N/A,N/A,N/A,N/A
N/A,4.6,N/A,270,N/A,28,N/A,6,N/A,N/A
N/A,4.8,N/A,400,30,N/A,7'8,20,N/A,275
N/A,N/A,N/A,N/A,N/A,N/A,N/A,9,N/A,N/A
N/A,N/A,N/A,285,N/A,30.5,N/A,10,N/A,N/A
N/A,N/A,N/A,N/A,N/A,N/A,N/A,N/A,N/A,N/A
N/A,N/A,N/A,200,N/A,N/A,N/A,N/A,N/A,N/A
N/A,N/A,N/A,225,N/A,26,N/A,N/A,N/A,N/A
N/A,4.3,N/A,300,N/A,28,9’4,19,N/A,300
N/A,N/A,N/A,N/A,N/A,N/A,N/A,265,N/A,N/A
N/A,N/A,N/A,N/A,N/A,N/A,N/A,N/A,N/A,N/A
N/A,N/A,N/A,185,N/A,16 inches,N/A,N/A,N/A,N/A
N/A,N/A,N/A,N/A,N/A,N/A,N/A,N/A,N/A,N/A
N/A,4.6,N/A,255,N/A,N/A,N/A,5,N/A,N/A
Cleveland Browns High school showcase ,4.4,N/A,270,N/A,33.6,8.9,5,N/A,N/A
N/A,N/A,N/A,200,N/A,N/A,N/A,N/A,N/A,N/A
A coach,N/A,N/A,205,5,36 in,13 ft,N/A,N/A,210
N/A,N/A,N/A,300,N/A,N/A,N/A,N/A,N/A,N/A
N/A,N/A,N/A,N/A,N/A,N/A,N/A,N/A,N/A,N/A
N/A,N/A,N/A,N/A,N/A,N/A,N/A,N/A,N/A,N/A
N/A,N/A,N/A,275,N/A,N/A,N/A,N/A,N/A,N/A
N/A,N/A,N/A,235,N/A,N/A,N/A,3,N/A,N/A
N/A,N/A,N/A,235,N/A,N/A,N/A,5,N/A,N/A
N/A,4.21,N/A,300,18,33.4,104,9,N/A,285
N/A,N/A,N/A,185,N/A,N/A,N/A,N/A,N/A,N/A
N/A,3.9,N/A,235,N/A,120.5,N/A,2,N/A,N/A
N/A,N/A,N/A,265,N/A,N/A,N/A,6,N/A,N/A
N/A,N/A,N/A,205,N/A,N/A,N/A,N/A,N/A,N/A
N/A,N/A,N/A,N/A,N/A,N/A,N/A,N/A,N/A,N/A
camp,N/A,N/A,255,12,28.6,N/A,4,N/A,195
N/A,-,N/A,315,N/A,-,N/A,8,N/A,N/A
N/A,N/A,N/A,225,N/A,34,N/A,1,N/A,N/A
Coach Pierce,N/A,N/A,190,2,33,9’3,N/A,N/A,N/A
N/A,N/A,N/A,315,N/A,N/A,N/A,N/A,N/A,N/A
N/A,N/A,N/A,165,N/A,N/A,N/A,0,N/A,N/A
N/A,N/A,N/A,375,N/A,N/A,N/A,16,N/A,N/A
N/A,N/A,N/A,N/A,N/A,N/A,N/A,N/A,N/A,N/A
N/A,4.73,N/A,305,N/A,N/A,"8'5""",10,N/A,N/A
N/A,N/A,N/A,275,N/A,N/A,N/A,N/A,N/A,N/A
Coach,4,N/A,185,N/A,40,10 feet ,N/A,N/A,195
N/A,N/A,N/A,245,5,N/A,N/A,3,N/A,N/A
Coaching Staff,N/A,N/A,185,1,"22""","76""",N/A,N/A,N/A
coach,4.1,N/A,315,N/A,35,"9'8""",13,N/A,250
N/A,N/A,N/A,210,4,"29""",N/A,1,N/A,N/A
N/A,N/A,N/A,325,15,N/A,N/A,10,N/A,235
N/A,N/A,N/A,245,N/A,N/A,N/A,5,N/A,N/A
N/A,N/A,N/A,175,N/A,N/A,N/A,N/A,N/A,N/A
N/A,4.3,N/A,220,N/A,30,N/A,N/A,N/A,N/A
N/A,N/A,N/A,N/A,N/A,N/A,N/A,N/A,N/A,N/A
N/A,N/A,N/A,240,N/A,N/A,N/A,N/A,N/A,N/A
N/A,N/A,N/A,260,N/A,N/A,N/A,5,N/A,N/A
Shaker Heights High School,4.8,N/A,250,9,24,8.5,4,N/A,N/A
N/A,N/A,N/A,235,10,N/A,N/A,2,N/A,185
N/A,N/A,N/A,N/A,N/A,N/A,N/A,N/A,N/A,N/A
N/A,N/A,N/A,N/A,N/A,N/A,N/A,N/A,N/A,N/A
N/A,N/A,N/A,205,N/A,26,N/A,N/A,N/A,N/A
N/A,N/A,N/A,N/A,N/A,N/A,N/A,N/A,N/A,N/A
N/A,4.6,N/A,225,10,N/A,7'11,5,N/A,N/A
N/A,N/A,N/A,N/A,N/A,N/A,N/A,N/A,N/A,N/A
N/A,4.6,N/A,335,N/A,N/A,N/A,18,N/A,225
N/A,N/A,N/A,230,N/A,N/A,N/A,5,N/A,N/A
N/A,N/A,N/A,230,N/A,32,N/A,N/A,N/A,N/A
Track Coach,N/A,N/A,305,20,N/A,N/A,10,N/A,N/A
N/A,N/A,N/A,N/A,N/A,N/A,N/A,N/A,N/A,N/A
N/A,4.45,N/A,N/A,N/A,N/A,N/A,N/A,N/A,N/A
N/A,N/A,N/A,280,14,34,117,8,N/A,285
N/A,4.1,N/A,275,N/A,31.5,N/A,6,N/A,N/A
N/A,N/A,N/A,N/a (corona),N/A,N/A,N/A,N/a (corona),N/A,N/A
N/A,N/A,N/A,205,N/A,21,N/A,2,N/A,N/A
N/A,2.34,N/A,275,N/A,32,N/A,10,N/A,N/A
N/A,N/A,N/A,N/A,N/A,N/A,N/A,N/A,N/A,N/A
N/A,N/A,N/A,N/A,N/A,N/A,N/A,N/A,N/A,N/A
N/A,N/A,N/A,N/A,N/A,N/A,N/A,N/A,N/A,N/A
N/A,N/A,N/A,235,N/A,N/A,N/A,2,N/A,N/A
N/A,None,N/A,235,N/A,None,N/A,2,N/A,N/A
N/A,N/A,N/A,215,4,23,N/A,N/A,N/A,200
N/A,N/A,N/A,265,N/A,30,N/A,5,N/A,N/A
N/A,N/A,N/A,260,N/A,N/A,N/A,4,N/A,N/A
N/A,N/A,N/A,N/A,N/A,N/A,N/A,N/A,N/A,N/A
N/A,N/A,N/A,N/A,N/A,N/A,N/A,N/A,N/A,N/A
N/A,N/A,N/A,N/A,N/A,34,N/A,N/A,N/A,250
N/A,4.7,N/A,195,N/A,33,N/A,N/A,N/A,N/A
N/A,4.5,N/A,185,N/A,30.2 in,N/A,0,N/A,N/A
N/A,N/A,N/A,N/A,N/A,N/A,N/A,N/A,N/A,N/A
N/A,N/A,N/A,230,N/A,26,N/A,1,N/A,N/A
N/A,N/A,N/A,N/A,N/A,98”,N/A,N/A,N/A,N/A
N/A,N/A,N/A,N/A,N/A,30,N/A,N/A,N/A,N/A
N/A,6.6,N/A,N/A,N/A,15.5,N/A,N/A,N/A,N/A
N/A,N/A,N/A,N/A,N/A,N/A,N/A,N/A,N/A,N/A
N/A,N/A,N/A,N/A,N/A,N/A,N/A,N/A,N/A,N/A
laser,4.74,N/A,N/A,N/A,N/A,"8' 6""",N/A,N/A,N/A
N/A,N/A,N/A,175,N/A,27,N/A,N/A,N/A,N/A
N/A,4.1,N/A,245,12,32 inches,87 inches,4,N/A,255
N/A,N/A,N/A,N/A,N/A,N/A,N/A,N/A,N/A,N/A
N/A,N/A,N/A,175,N/A,32,N/A,0,N/A,N/A
N/A,N/A,N/A,N/A,N/A,N/A,N/A,N/A,N/A,N/A
N/A,N/A,N/A,N/A,N/A,N/A,N/A,N/A,N/A,N/A
N/A,N/A,N/A,215,N/A,36,N/A,N/A,N/A,N/A
N/A,N/A,N/A,205,N/A,N/A,N/A,N/A,N/A,N/A
N/A,5.75,N/A,295,N/A,22,N/A,6,N/A,N/A
N/A,N/A,N/A,250,N/A,N/A,N/A,N/A,N/A,200
N/A,N/A,N/A,235,N/A,N/A,N/A,N/A,N/A,N/A
N/A,N/A,N/A,N/A,N/A,N/A,N/A,N/A,N/A,N/A
N/A,N/A,N/A,N/A,N/A,N/A,N/A,N/A,N/A,225
N/A,4.7,N/A,200,N/A,25,N/A,1,N/A,N/A
N/A,5.2,N/A,300,N/A,9’11,N/A,13,N/A,N/A
N/A,N/A,N/A,230,N/A,N/A,N/A,2,N/A,N/A
N/A,N/A,N/A,235,N/A,N/A,N/A,N/A,N/A,N/A
N/A,N/A,N/A,135,N/A,N/A,N/A,N/A,N/A,N/A
N/A,N/A,N/A,N/A,N/A,N/A,N/A,N/A,N/A,N/A
N/A,N/A,N/A,245,N/A,N/A,N/A,3,N/A,225
N/A,NA,N/A,N/A,N/A,NA,N/A,N/A,N/A,N/A
N/A,N/A,N/A,N/A,N/A,N/A,N/A,N/A,N/A,N/A
N/A,N/A,N/A,N/A,N/A,N/A,N/A,N/A,N/A,N/A
N/A,N/A,N/A,N/A,N/A,N/A,N/A,N/A,N/A,N/A
N/A,N/A,N/A,245,N/A,N/A,N/A,3,N/A,N/A
N/A,4.48,N/A,1,N/A,N/A,N/A,1,N/A,N/A
N/A,4.12,N/A,185,N/A,N/A,N/A,N/A,N/A,N/A
N/A,N/A,N/A,N/A,N/A,N/A,N/A,N/A,N/A,N/A
N/A,N/A,N/A,185,N/A,N/A,N/A,0,N/A,N/A
Best of the Midwest combine,N/A,N/A,N/A,N/A,35,9”6,N/A,N/A,N/A
N/A,4.19,N/A,180,N/A,33,N/A,N/A,N/A,N/A
N/A,7.8,N/A,160,N/A,25,N/A,0,N/A,N/A
Saginaw Valley State University camp,N/A,N/A,230,N/A,N/A,"8'5""",3,N/A,195
N/A,unsure,N/A,225,N/A,"17""",N/A,1,N/A,N/A
N/A,N/A,N/A,315,N/A,N/A,N/A,225,N/A,N/A
N/A,N/A,N/A,265,N/A,N/A,N/A,N/A,N/A,N/A
N/A,N/A,N/A,265,8,N/A,N/A,4,N/A,245
N/A,N/A,N/A,N/A,N/A,N/A,N/A,N/A,N/A,N/A
N/A,N/A,N/A,N/A,N/A,N/A,N/A,N/A,N/A,N/A
N/A,N/A,N/A,200,N/A,N/A,N/A,N/A,N/A,N/A
N/A,N/A,N/A,139,N/A,N/A,N/A,N/A,N/A,N/A
N/A,N/A,N/A,180,N/A,28,N/A,N/A,N/A,N/A
N/A,N/A,N/A,N/A,N/A,N/A,N/A,N/A,N/A,N/A
N/A,2.51,N/A,205,N/A,N/A,N/A,N/A,N/A,N/A
N/A,N/A,N/A,N/A,N/A,N/A,N/A,N/A,N/A,N/A
N/A,N/A,N/A,N/A,N/A,N/A,N/A,N/A,N/A,N/A
N/A,N/A,N/A,195,N/A,N/A,N/A,0,N/A,N/A
N/A,4.75,N/A,235,10,24,N/A,3,N/A,N/A
N/A,N/A,N/A,N/A,N/A,N/A,N/A,N/A,N/A,N/A
N/A,N/A,N/A,250,N/A,N/A,N/A,3,N/A,N/A
N/A,N/A,N/A,315,N/A,N/A,N/A,17,N/A,N/A
N/A,N/A,N/A,N/A,N/A,N/A,N/A,N/A,N/A,N/A
N/A,4.6,N/A,225,N/A,30,N/A,1,N/A,N/A
Coach edwards,4.3,N/A,245,6 x 185,32,117,3 x 225,N/A,245
N/A,N/A,N/A,225,N/A,N/A,N/A,N/A,N/A,N/A
N/A,N/A,N/A,N/A,N/A,N/A,N/A,N/A,N/A,N/A
N/A,N/A,N/A,N/A,N/A,N/A,N/A,N/A,N/A,N/A
N/A,N/A,N/A,225,N/A,N/A,N/A,N/A,N/A,N/A
N/A,N/A,N/A,N/A,N/A,N/A,N/A,N/A,N/A,N/A
Laser,N/A,N/A,N/A,N/A,35,N/A,N/A,N/A,N/A
N/A,N/A,N/A,225,N/A,N/A,N/A,1,N/A,N/A
N/A,N/A,N/A,215,N/A,N/A,N/A,0,N/A,N/A
N/A,4.4,N/A,215,N/A,34,N/A,N/A,N/A,N/A
N/A,N/A,N/A,205,N/A,N/A,N/A,0,N/A,N/A
N/A,N/A,N/A,250,N/A,N/A,N/A,15,N/A,N/A
Kris Alge,N/A,N/A,315,N/A,25in,N/A,15,N/A,N/A
N/A,N/A,N/A,290,N/A,32.5,9'10,7,N/A,N/A
N/A,N/A,N/A,335,N/A,28,N/A,12,N/A,N/A
N/A,5.1,N/A,245,N/A,33,N/A,3,N/A,N/A
N/A,4.4,N/A,200,N/A,N/A,N/A,N/A,N/A,N/A
N/A,N/A,N/A,N/A,N/A,N/A,N/A,N/A,N/A,N/A
N/A,N/A,N/A,245,N/A,24,N/A,3,N/A,N/A
N/A,N/A,N/A,315,N/A,N/A,N/A,4,N/A,N/A
N/A,N/A,N/A,N/A,N/A,N/A,N/A,210,N/A,N/A
N/A,N/A,N/A,N/A,N/A,N/A,N/A,N/A,N/A,N/A
N/A,N/A,N/A,245,N/A,N/A,N/A,N/A,N/A,N/A
N/A,N/A,N/A,240,N/A,N/A,N/A,2,N/A,N/A
N/A,N/A,N/A,250,9,20.3,82,4,N/A,N/A
N/A,4.1,N/A,315,N/A,33,N/A,13,N/A,N/A
N/A,4.5,N/A,340,N/A,24 in,N/A,17,N/A,N/A
N/A,N/A,N/A,N/A,N/A,N/A,N/A,N/A,N/A,N/A
N/A,N/A,N/A,N/A,N/A,N/A,N/A,N/A,N/A,N/A
Travis Nees,N/A,N/A,225,5,N/A,N/A,1,N/A,N/A
N/A,N/A,N/A,225,N/A,N/A,N/A,1,N/A,N/A
N/A,N/A,N/A,N/A,N/A,N/A,N/A,N/A,N/A,N/A
N/A,N/A,N/A,365,N/A,N/A,N/A,N/A,N/A,N/A
N/A,2.2,N/A,200,N/A,7.6,N/A,225,N/A,N/A
N/A,3.23,N/A,190,2,28,98,N/A,N/A,185
N/A,N/A,N/A,N/A,N/A,N/A,N/A,N/A,N/A,N/A
N/A,N/A,N/A,N/A,N/A,N/A,N/A,N/A,N/A,N/A
N/A,N/A,N/A,245,N/A,N/A,N/A,4,N/A,N/A
N/A,N/A,N/A,N/A,N/A,N/A,N/A,N/A,N/A,N/A
N/A,N/A,N/A,N/A,N/A,N/A,N/A,N/A,N/A,N/A
N/A,N/A,N/A,N/A,N/A,N/A,N/A,N/A,N/A,N/A
N/A,5.26,N/A,235,N/A,N/A,N/A,N/A,N/A,N/A
N/A,N/A,N/A,N/A,N/A,N/A,N/A,N/A,N/A,N/A
N/A,2.07,N/A,245,N/A,17,N/A,13,N/A,N/A
N/A,N/A,N/A,N/A,N/A,N/A,N/A,N/A,N/A,N/A
N/A,4.48,N/A,165,N/A,29.5,N/A,N/A,N/A,N/A
N/A,4.3,N/A,200,N/A,30,N/A,0,N/A,N/A
N/A,N/A,N/A,N/A,N/A,N/A,N/A,N/A,N/A,N/A
N/A,N/A,N/A,N/A,N/A,N/A,N/A,N/A,N/A,N/A
N/A,n/a,N/A,n/a,N/A,n/a,N/A,n/a,N/A,N/A
N/A,5.64,N/A,270,270,None,N/A,10,N/A,N/A
N/A,N/A,N/A,170,N/A,N/A,N/A,N/A,N/A,N/A
N/A,N/A,N/A,N/A,N/A,N/A,N/A,N/A,N/A,N/A
N/A,N/A,N/A,N/A,N/A,N/A,N/A,N/A,N/A,N/A
N/A,N/A,N/A,N/A,N/A,N/A,N/A,N/A,N/A,N/A
N/A,Na,N/A,Na,N/A,Na,N/A,Na,N/A,N/A
N/A,Haven’t done ,N/A,300,N/A,Haven’t done ,N/A,10,N/A,N/A
N/A,N/A,N/A,N/A,N/A,N/A,N/A,N/A,N/A,N/A
UIndy,N/A,N/A,N/A,N/A,N/A,10,N/A,N/A,N/A
N/A,N/A,N/A,210,N/A,N/A,N/A,N/A,N/A,N/A
N/A,N/A,N/A,295,N/A,31 inches ,N/A,11,N/A,N/A
N/A,N/A,N/A,245,N/A,28”,N/A,4,N/A,N/A
N/A,N/A,N/A,175,N/A,N/A,N/A,N/A,N/A,N/A
Tiffin Camp,4.5,N/A,265,N/A,N/A,8’2,7,N/A,250
N/A,N/A,N/A,185,N/A,N/A,N/A,N/A,N/A,N/A
N/A,N/A,N/A,315,N/A,N/A,N/A,16,N/A,N/A
N/A,N/A,N/A,N/A,N/A,N/A,N/A,N/A,N/A,N/A
N/A,N/A,N/A,N/A,N/A,N/A,N/A,N/A,N/A,N/A
N/A,N/A,N/A,250,8,N/A,N/A,2,N/A,240
N/A,N/A,N/A,205,N/A,N/A,N/A,N/A,N/A,N/A
N/A,N/A,N/A,N/A,N/A,N/A,N/A,N/A,N/A,N/A
N/A,N/A,N/A,185,N/A,N/A,N/A,N/A,N/A,185
N/A,N/A,N/A,N/A,N/A,N/A,N/A,N/A,N/A,N/A
N/A,N/A,N/A,250,N/A,N/A,N/A,N/A,N/A,N/A
Bo Jackson Elite Sports Combine,4.59,N/A,160,0,N/A,"93""",0,N/A,N/A
N/A,N/A,N/A,N/A,N/A,N/A,N/A,N/A,N/A,N/A
N/A,N/A,N/A,N/A,N/A,N/A,N/A,N/A,N/A,N/A
N/A,N/A,N/A,N/A,N/A,N/A,N/A,N/A,N/A,N/A
N/A,na,N/A,N/A,N/A,30,N/A,N/A,N/A,N/A
N/A,N/A,N/A,N/A,N/A,N/A,N/A,N/A,N/A,N/A
N/A,N/A,N/A,175,N/A,25.3,N/A,N/A,N/A,N/A
N/A,N/A,N/A,225,N/A,N/A,N/A,1,N/A,N/A
N/A,N/A,N/A,285,N/A,N/A,N/A,8,N/A,N/A
N/A,N/A,N/A,N/A,N/A,N/A,N/A,N/A,N/A,N/A
N/A,4.4,N/A,210,N/A,33,N/A,N/A,N/A,N/A
N/A,N/A,N/A,315,N/A,N/A,N/A,10,N/A,N/A
N/A,N/A,N/A,275,N/A,28,8 4'',N/A,N/A,245
N/A,N/A,N/A,N/A,N/A,N/A,N/A,N/A,N/A,N/A
N/A,N/A,N/A,285,12,N/A,N/A,5,N/A,N/A
N/A,N/A,N/A,N/A,N/A,N/A,N/A,N/A,N/A,N/A
N/A,N/A,N/A,180,N/A,N/A,N/A,N/A,N/A,N/A
N/A,None,N/A,225,N/A,None,N/A,None,N/A,N/A
N/A,N/A,N/A,N/A,N/A,N/A,N/A,N/A,N/A,N/A
N/A,4.6,N/A,235,8,33,N/A,2,N/A,N/A
N/A,N/A,N/A,185,N/A,N/A,N/A,0,N/A,N/A
N/A,N/A,N/A,N/A,N/A,N/A,N/A,N/A,N/A,N/A
N/A,N/A,N/A,N/A,N/A,N/A,N/A,N/A,N/A,N/A
N/A,4.15,N/A,200,N/A,28,N/A,0,N/A,N/A
Coach ,N/A,N/A,315,N/A,34,N/A,21,N/A,235
N/A,4.9,N/A,245,N/A,26,N/A,3,N/A,N/A
N/A,N/A,N/A,245,N/A,N/A,N/A,2,N/A,N/A
My dad,N/A,N/A,235,10,N/A,N/A,1,N/A,N/A
N/A,N/A,N/A,270,N/A,N/A,N/A,8,N/A,N/A
N/A,N/A,N/A,245 (1),N/A,N/A,N/A,N/A,N/A,N/A
N/A,5,N/A,240,N/A,26,N/A,8,N/A,N/A
N/A,N/A,N/A,N/A,N/A,N/A,N/A,N/A,N/A,N/A
N/A,N/A,N/A,250,N/A,N/A,N/A,2,N/A,N/A
N/A,N/A,N/A,205,N/A,N/A,N/A,0,N/A,N/A
N/A,n/a,N/A,185,N/A,n/a,N/A,0,N/A,N/A
N/A,N/A,N/A,250,N/A,N/A,N/A,4,N/A,N/A
N/A,N/A,N/A,245,N/A,N/A,N/A,4,N/A,N/A
N/A,N/A,N/A,N/A,N/A,N/A,N/A,N/A,N/A,N/A
N/A,N/A,N/A,250,N/A,N/A,N/A,N/A,N/A,N/A
N/A,N/A,N/A,180,N/A,N/A,N/A,N/A,N/A,N/A
N/A,N/A,N/A,175,N/A,29,N/A,N/A,N/A,N/A
N/A,N/A,N/A,N/A,N/A,N/A,N/A,N/A,N/A,N/A
N/A,N/A,N/A,315,N/A,N/A,N/A,15,N/A,N/A
N/A,N/A,N/A,295,N/A,N/A,N/A,N/A,N/A,N/A
N/A,NA,N/A,260,N/A,NA,N/A,5,N/A,N/A
N/A,4.47,N/A,N/A,N/A,26,N/A,N/A,N/A,N/A
N/A,N/A,N/A,205,N/A,N/A,N/A,N/A,N/A,N/A
N/A,4.5,N/A,250,N/A,28,N/A,10,N/A,N/A
N/A,N/A,N/A,285,N/A,N/A,N/A,10,N/A,N/A
N/A,N/A,N/A,N/A,N/A,N/A,N/A,N/A,N/A,N/A
N/A,4.5,N/A,280,N/A,N/A,N/A,7,N/A,N/A
N/A,N/A,N/A,N/A,N/A,N/A,N/A,N/A,N/A,N/A
N/A,N/A,N/A,N/A,N/A,N/A,N/A,N/A,N/A,N/A
N/A,N/A,N/A,N/A,N/A,N/A,N/A,N/A,N/A,N/A
N/A,4.5,N/A,235,N/A,22,N/A,3,N/A,N/A
N/A,N/A,N/A,N/A,N/A,N/A,N/A,N/A,N/A,N/A
Stop watch ,N/A,N/A,280,10,N/A,N/A,8,N/A,270
N/A,N/A,N/A,N/A,N/A,N/A,N/A,N/A,N/A,N/A
N/A,N/A,N/A,265,12,N/A,N/A,6,N/A,200
N/A,N/A,N/A,N/A,N/A,26,N/A,N/A,N/A,N/A
N/A,N/A,N/A,N/A,N/A,N/A,N/A,N/A,N/A,N/A
N/A,N/A,N/A,235,N/A,30,N/A,3,N/A,N/A
N/A,N/A,N/A,205,N/A,27,104,N/A,N/A,210
N/A,N/A,N/A,205,N/A,N/A,N/A,N/A,N/A,195
N/A,N/A,N/A,265,10,N/A,N/A,6,N/A,N/A
N/A,N/A,N/A,N/A,N/A,"21""",N/A,6,N/A,N/A
N/A,N/A,N/A,N/A,N/A,N/A,N/A,N/A,N/A,N/A
N/A,4.3,N/A,N/A,N/A,N/A,N/A,N/A,N/A,N/A
N/A,N/A,N/A,225,N/A,N/A,N/A,1,N/A,N/A
N/A,N/A,N/A,170,N/A,35,N/A,N/A,N/A,175
N/A,4.4,N/A,N/A,N/A,N/A,N/A,N/A,N/A,N/A
N/A,N/A,N/A,N/A,N/A,N/A,N/A,N/A,N/A,N/A
N/A,N/A,N/A,N/A,N/A,N/A,N/A,N/A,N/A,N/A
N/A,N/A,N/A,290,N/A,27,N/A,N/A,N/A,N/A
N/A,N/A,N/A,215,N/A,30,N/A,N/A,N/A,200
N/A,N/A,N/A,N/A,N/A,N/A,N/A,N/A,N/A,N/A
Coach Holman ,5.06,N/A,N/A,N/A,N/A,"8' 0""",N/A,N/A,N/A
N/A,N/A,N/A,265,N/A,N/A,N/A,6,N/A,N/A
N/A,N/A,N/A,195,N/A,N/A,N/A,N/A,N/A,N/A
N/A,N/A,N/A,215,N/A,N/A,N/A,N/A,N/A,225
N/A,N/A,N/A,N/A,N/A,N/A,N/A,N/A,N/A,N/A
N/A,N/A,N/A,215,N/A,27,N/A,N/A,N/A,N/A
N/A,N/A,N/A,208,N/A,N/A,N/A,N/A,N/A,N/A
N/A,N/A,N/A,180,N/A,N/A,N/A,4,N/A,N/A
Cleveland Browns,4.59,N/A,N/A,N/A,22.4,"7'10""",N/A,N/A,N/A
N/A,4.26,N/A,235,N/A,32,N/A,2,N/A,N/A
N/A,N/A,N/A,185,N/A,N/A,N/A,N/A,N/A,N/A
coach,N/A,N/A,260,11,29,8'6,5,N/A,215
N/A,N/A,N/A,200,N/A,N/A,N/A,N/A,N/A,N/A
N/A,N/A,N/A,325,N/A,N/A,N/A,20,N/A,N/A
N/A,4.2,N/A,N/A,N/A,31,N/A,5,N/A,N/A
N/A,N/A,N/A,275,N/A,N/A,N/A,6,N/A,N/A
N/A,N/A,N/A,N/A,N/A,25,N/A,0,N/A,N/A
N/A,N/A,N/A,250,N/A,30,N/A,4,N/A,N/A
N/A,N/A,N/A,N/A,N/A,N/A,N/A,N/A,N/A,N/A
Ashland,4.07,N/A,N/A,N/A,N/A,9’10”,N/A,N/A,N/A
N/A,N/A,N/A,N/A,N/A,N/A,N/A,N/A,N/A,N/A
N/A,N/A,N/A,175,N/A,35,N/A,N/A,N/A,N/A
N/A,N/A,N/A,185,N/A,34,N/A,0,N/A,N/A
N/A,N/A,N/A,N/A,N/A,N/A,N/A,N/A,N/A,N/A
N/A,Not taken ,N/A,Not taken ,N/A,Not taken ,N/A,Not taken ,N/A,N/A
N/A,~4.3,N/A,205,N/A,31,N/A,0,N/A,N/A
N/A,N/A,N/A,185,N/A,N/A,N/A,N/A,N/A,N/A
N/A,N/A,N/A,N/A,N/A,N/A,N/A,N/A,N/A,N/A
N/A,N/A,N/A,N/A,N/A,N/A,N/A,15,N/A,585
N/A,4.9,N/A,355,N/A,N/A,N/A,24,N/A,N/A
N/A,N/A,N/A,315,N/A,N/A,N/A,N/A,N/A,N/A
N/A,3.7,N/A,220,N/A,34’,N/A,N/A,N/A,N/A
N/A,N/A,N/A,250,N/A,N/A,N/A,2,N/A,N/A
N/A,N/A,N/A,N/A,N/A,N/A,N/A,N/A,N/A,N/A
N/A,4.38,N/A,275,N/A,31.6,N/A,8,N/A,N/A
N/A,N/A,N/A,270,N/A,26,N/A,N/A,N/A,N/A
N/A,N/A,N/A,290,N/A,N/A,N/A,N/A,N/A,N/A
N/A,N/A,N/A,N/A,N/A,N/A,N/A,N/A,N/A,N/A
N/A,N/A,N/A,225,N/A,N/A,N/A,1,N/A,N/A
N/A,N/A,N/A,195,N/A,N/A,N/A,N/A,N/A,N/A
N/A,N/A,N/A,385,N/A,N/A,N/A,N/A,N/A,245
N/A,N/A,N/A,N/A,N/A,N/A,N/A,N/A,N/A,N/A
N/A,N/A,N/A,N/A,N/A,N/A,N/A,N/A,N/A,N/A
Hand Time,N/A,N/A,N/A,N/A,N/A,N/A,N/A,N/A,N/A
Stop watch ,N/A,N/A,210,N/A,30,N/A,N/A,N/A,N/A
N/A,N/A,N/A,245,N/A,N/A,N/A,N/A,N/A,N/A
N/A,N/A,N/A,250,N/A,N/A,N/A,N/A,N/A,N/A
N/A,N/A,N/A,N/A,N/A,N/A,N/A,N/A,N/A,N/A
N/A,N/A,N/A,N/A,N/A,N/A,N/A,N/A,N/A,N/A
N/A,N/A,N/A,N/A,N/A,N/A,N/A,N/A,N/A,150
N/A,N/A,N/A,N/A,N/A,N/A,N/A,N/A,N/A,N/A
N/A,4.4,N/A,145,N/A,32,N/A,N/A,N/A,N/A
N/A,N/A,N/A,170,N/A,N/A,N/A,0,N/A,N/A
N/A,N/A,N/A,N/A,N/A,N/A,N/A,6,N/A,N/A
N/A,4.4,N/A,280,N/A,30,N/A,8,N/A,N/A
N/A,N/A,N/A,200,N/A,N/A,N/A,3,N/A,N/A
N/A,N/A,N/A,225,N/A,N/A,N/A,2,N/A,N/A
N/A,Na,N/A,275,N/A,"7'6""",N/A,Na,N/A,N/A
N/A,N/A,N/A,N/A,N/A,N/A,N/A,N/A,N/A,N/A
N/A,N/A,N/A,N/A,N/A,N/A,N/A,N/A,N/A,N/A
N/A,N/A,N/A,N/A,N/A,N/A,N/A,N/A,N/A,N/A
N/A,N/A,N/A,N/A,N/A,N/A,N/A,N/A,N/A,N/A
N/A,N/A,N/A,N/A,N/A,N/A,N/A,N/A,N/A,N/A
N/A,N/A,N/A,N/A,N/A,N/A,N/A,N/A,N/A,N/A
Urbana,N/A,N/A,225,N/A,28.6,N/A,1,N/A,205
N/A,N/A,N/A,145,N/A,31,N/A,0,N/A,N/A
Coach,N/A,N/A,285,N/A,N/A,N/A,N/A,N/A,225
Ohio State,4.4,N/A,270,N/A,N/A,N/A,7 reps,N/A,190
N/A,4.01,N/A,N/A,N/A,36,9”5,N/A,N/A,N/A
N/A,N/A,N/A,N/A,N/A,N/A,N/A,N/A,N/A,N/A
N/A,4.2,N/A,205,10,N/A,N/A,N/A,N/A,N/A
N/A,N/A,N/A,N/A,N/A,N/A,N/A,N/A,N/A,N/A
N/A,N/A,N/A,N/A,N/A,N/A,N/A,N/A,N/A,N/A
N/A,N/A,N/A,260,N/A,N/A,N/A,7,N/A,N/A
N/A,N/A,N/A,185,N/A,N/A,N/A,N/A,N/A,N/A
Head Coach,4.22,N/A,230,N/A,35,"8'11""",N/A,N/A,N/A
N/A,N/A,N/A,N/A,N/A,N/A,N/A,N/A,N/A,N/A
Coach,N/A,N/A,215,3,33,9'4,N/A,N/A,200
Tyler Gullion (Head coach),N/A,N/A,225,5,N/A,N/A,1,N/A,N/A
N/A,5.62,N/A,257,N/A,20,76,6,N/A,N/A
N/A,N/A,N/A,295,N/A,N/A,N/A,10,N/A,N/A
N/A,N/A,N/A,N/A,N/A,N/A,N/A,N/A,N/A,N/A
N/A,N/A,N/A,265,N/A,N/A,N/A,5,N/A,N/A
N/A,N/A,N/A,N/A,N/A,N/A,N/A,N/A,N/A,N/A
N/A,N/A,N/A,170,N/A,N/A,N/A,0,N/A,N/A
N/A,N/A,N/A,300,30,N/A,N/A,15,N/A,250
N/A,N/A,N/A,N/A,N/A,N/A,N/A,N/A,N/A,N/A
Schools Head Coach ,4.5,N/A,285,25+ ,27,8ft,12,N/A,275
N/A,N/A,N/A,N/A,N/A,N/A,N/A,N/A,N/A,N/A
N/A,N/A,N/A,N/A,N/A,N/A,N/A,N/A,N/A,N/A
Bowling Green,N/A,N/A,275,N/A,N/A,N/A,8,N/A,185
N/A,Not recorded,N/A,270,N/A,Not recorded,N/A,7,N/A,N/A
N/A,N/A,N/A,225,N/A,N/A,N/A,1,N/A,N/A
Coach,N/A,N/A,225,4,32,8 feet,1,N/A,155
N/A,N/A,N/A,205,N/A,N/A,N/A,0,N/A,N/A
N/A,9.1,N/A,130,N/A,N/A,N/A,N/A,N/A,N/A
N/A,N/A,N/A,N/A,N/A,N/A,N/A,N/A,N/A,N/A
N/A,4.667,N/A,N/A,N/A,24,N/A,N/A,N/A,N/A
N/A,N/A,N/A,245,N/A,N/A,N/A,4,N/A,N/A
N/A,N/A,N/A,N/A,N/A,N/A,N/A,N/A,N/A,N/A
N/A,4.15,N/A,205,N/A,N/A,N/A,N/A,N/A,N/A
N/A,N/A,N/A,N/A,N/A,N/A,N/A,N/A,N/A,N/A
N/A,N/A,N/A,N/A,N/A,N/A,N/A,N/A,N/A,N/A
N/A,4.23,N/A,245,10,30.5,9’ 1”,4,N/A,N/A
N/A,Gotta take ,N/A,Gotta take ,N/A,Gotta take ,N/A,Gotta take ,N/A,N/A
N/A,N/A,N/A,275,N/A,N/A,N/A,10,N/A,N/A
N/A,N/A,N/A,190,N/A,N/A,N/A,N/A,N/A,N/A
N/A,N/A,N/A,240,N/A,N/A,N/A,3,N/A,N/A
N/A,4.52,N/A,160,N/A,28,N/A,n/a,N/A,150
N/A,N/A,N/A,225,N/A,N/A,N/A,2,N/A,N/A
N/A,N/A,N/A,225,N/A,N/A,N/A,1,N/A,N/A
N/A,N/A,N/A,175,N/A,N/A,N/A,N/A,N/A,N/A
N/A,N/A,N/A,N/A,N/A,N/A,N/A,N/A,N/A,N/A
N/A,N/A,N/A,300,N/A,N/A,N/A,11,N/A,N/A
N/A,N/A,N/A,325,N/A,N/A,N/A,14,N/A,N/A
N/A,N/A,N/A,N/A,N/A,N/A,N/A,N/A,N/A,N/A
N/A,N/A,N/A,225,N/A,N/A,N/A,N/A,N/A,N/A
N/A,None,N/A,220,7,None,N/A,None,N/A,205
N/A,N/A,N/A,205,N/A,N/A,N/A,N/A,N/A,N/A
N/A,N/A,N/A,N/A,N/A,N/A,N/A,N/A,N/A,N/A
N/A,N/A,N/A,N/A,N/A,N/A,N/A,N/A,N/A,N/A
N/A,N/A,N/A,285,N/A,22,N/A,N/A,N/A,N/A
N/A,N/A,N/A,N/A,N/A,N/A,N/A,N/A,N/A,N/A
N/A,N/A,N/A,240,N/A,N/A,N/A,2,N/A,N/A
N/A,N/A,N/A,205,N/A,42 In box jump,N/A,N/A,N/A,N/A
N/A,N/A,N/A,N/A,N/A,N/A,N/A,N/A,N/A,N/A
N/A,N/A,N/A,N/A,N/A,N/A,N/A,N/A,N/A,N/A
N/A,4.88,N/A,265,N/A,n/a,N/A,8-Jul,N/A,N/A
N/A,4.29,N/A,225,N/A,N/A,N/A,1x225,N/A,N/A
N/A,N/A,N/A,N/A,N/A,N/A,N/A,N/A,N/A,N/A
N/A,N/A,N/A,N/A,N/A,N/A,N/A,N/A,N/A,N/A
N/A,?,N/A,215,N/A,?,N/A,0,N/A,N/A
N/A,N/A,N/A,275,N/A,N/A,N/A,N/A,N/A,N/A
N/A,N/A,N/A,265lbs,N/A,N/A,N/A,6,N/A,225lbs
N/A,4.2,N/A,200,N/A,35 in,N/A,N/A,N/A,N/A
N/A,N/A,N/A,N/A,N/A,N/A,N/A,N/A,N/A,N/A
N/A,TBD,N/A,210,N/A,31,N/A,0,N/A,N/A
N/A,N/A,N/A,N/A,N/A,N/A,N/A,N/A,N/A,N/A
N/A,N/A,N/A,205,N/A,N/A,N/A,N/A,N/A,N/A
N/A,N/A,N/A,215,N/A,32,N/A,0,N/A,N/A
N/A,N/A,N/A,225,N/A,N/A,N/A,N/A,N/A,N/A
N/A,N/A,N/A,N/A,N/A,N/A,N/A,N/A,N/A,N/A
N/A,N/A,N/A,N/A,N/A,29,N/A,N/A,N/A,N/A
N/A,N/A,N/A,215,N/A,N/A,N/A,N/A,N/A,N/A
N/A,N/A,N/A,160,N/A,N/A,N/A,N/A,N/A,N/A
N/A,N/A,N/A,240,12,N/A,N/A,5,N/A,170
N/A,?,N/A,350,N/A,?,N/A,18,N/A,N/A
N/A,N/A,N/A,N/A,N/A,N/A,N/A,N/A,N/A,N/A
N/A,N/A,N/A,275,N/A,N/A,N/A,6,N/A,N/A
N/A,N/A,N/A,205,N/A,N/A,N/A,N/A,N/A,N/A
N/A,N/A,N/A,260,N/A,N/A,N/A,3,N/A,N/A
N/A,N/A,N/A,225,N/A,N/A,N/A,1,N/A,N/A
N/A,N/A,N/A,225,N/A,N/A,N/A,2,N/A,N/A
N/A,3.3,N/A,265,15,29',102',8,N/A,240
N/A,N/A,N/A,255,N/A,N/A,N/A,4,N/A,N/A
N/A,N/A,N/A,N/A,N/A,N/A,N/A,N/A,N/A,N/A
N/A,N/A,N/A,325,N/A,30,N/A,15,N/A,235
N/A,N/A,N/A,295,25,N/A,N/A,8,N/A,295
N/A,4.3,N/A,200,N/A,26,N/A,200,N/A,N/A
N/A,not timed yet,N/A,215,8,not tested yet,N/A,N/A,N/A,N/A
N/A,N/A,N/A,N/A,N/A,6’4,N/A,3,N/A,N/A
N/A,3.1,N/A,250,10,N/A,N/A,5,N/A,220
N/A,N/A,N/A,N/A,N/A,N/A,N/A,N/A,N/A,N/A
N/A,N/A,N/A,N/A,N/A,N/A,N/A,N/A,N/A,N/A
N/A,N/A,N/A,225,N/A,N/A,N/A,1,N/A,N/A
N/A,N/A,N/A,N/A,N/A,N/A,N/A,N/A,N/A,N/A
N/A,N/A,N/A,315,N/A,28.7,N/A,10,N/A,N/A
N/A,N/A,N/A,305,N/A,N/A,N/A,N/A,N/A,N/A
N/A,N/A,N/A,N/A,N/A,N/A,N/A,N/A,N/A,N/A
N/A,N/A,N/A,205,N/A,N/A,N/A,N/A,N/A,N/A
N/A,N/A,N/A,255,N/A,N/A,N/A,7,N/A,N/A
N/A,4.5,N/A,275,10,29,94,3,N/A,225
Mike Fisher,N/A,N/A,250,N/A,N/A,"8'7""",N/A,N/A,245
N/A,N/A,N/A,N/A,N/A,N/A,N/A,N/A,N/A,N/A
N/A,N/A,N/A,N/A,N/A,N/A,N/A,N/A,N/A,N/A
Toledo Camp,N/A,N/A,225,5,N/A,N/A,1,N/A,230
N/A,N/A,N/A,375,N/A,N/A,N/A,4,N/A,N/A
N/A,N/A,N/A,N/A,N/A,N/A,N/A,N/A,N/A,N/A
N/A,N/A,N/A,N/A,N/A,N/A,N/A,N/A,N/A,N/A
N/A,N/A,N/A,175,N/A,25,N/A,0,N/A,N/A
N/A,N/A,N/A,255,N/A,N/A,N/A,3,N/A,N/A
N/A,N/A,N/A,195,N/A,N/A,N/A,N/A,N/A,N/A
N/A,N/A,N/A,N/A,N/A,N/A,N/A,N/A,N/A,N/A
N/A,N/A,N/A,205,N/A,N/A,N/A,N/A,N/A,N/A
Ohio state,4.3,N/A,235,20,37 1/2,10 ft 6 inch ,2,N/A,225
N/A,N/A,N/A,N/A,N/A,23,N/A,1,N/A,N/A
N/A,N/A,N/A,N/A,N/A,N/A,N/A,N/A,N/A,N/A
N/A,N/A,N/A,190,N/A,N/A,N/A,N/A,N/A,N/A
N/A,4.39,N/A,N/A,N/A,N/A,"9'3""",N/A,N/A,N/A
N/A,N/A,N/A,N/A,N/A,N/A,N/A,N/A,N/A,N/A
coach,4.39,N/A,325,N/A,N/A,"8' 4""",N/A,N/A,N/A
self,N/A,N/A,300,N/A,N/A,N/A,N/A,N/A,N/A
N/A,N/A,N/A,N/A,N/A,N/A,N/A,N/A,N/A,N/A
N/A,N/A,N/A,225,N/A,31 inches ,N/A,N/A,N/A,N/A
N/A,4.85,N/A,245,N/A,N/A,N/A,4,N/A,N/A
N/A,4.9,N/A,315,17,20,8’ 6”,N/A,N/A,275
N/A,N/A,N/A,N/A,N/A,N/A,N/A,N/A,N/A,N/A
N/A,N/A,N/A,225,N/A,28,N/A,1,N/A,N/A
N/A,N/A,N/A,N/A,N/A,N/A,N/A,N/A,N/A,N/A
N/A,N/A,N/A,160,N/A,N/A,N/A,N/A,N/A,N/A
N/A,unknown,N/A,unknown,N/A,unknown,N/A,unknown,N/A,N/A
N/A,N/A,N/A,250,10,N/A,N/A,5,N/A,N/A
N/A,N/A,N/A,4,7,N/A,N/A,225,N/A,N/A
N/A,N/A,N/A,205,N/A,N/A,N/A,N/A,N/A,N/A
N/A,N/A,N/A,N/A,N/A,N/A,N/A,N/A,N/A,N/A
Rocky River Combine,N/A,N/A,220,8,N/A,N/A,1,N/A,205
N/A,N/A,N/A,295,N/A,N/A,N/A,5,N/A,225
Keith Zoeller ,4.49,N/A,300,N/A,26,N/A,15,N/A,N/A
N/A,N/A,N/A,240,N/A,N/A,N/A,N/A,N/A,N/A
N/A,N/A,N/A,230,N/A,N/A,N/A,N/A,N/A,235
N/A,4.25,N/A,170,N/A,9’3”,N/A,N/A,N/A,N/A
N/A,N/A,N/A,340,N/A,N/A,N/A,10,N/A,N/A
N/A,4.14,N/A,155,N/A,N/A,N/A,N/A,N/A,N/A
N/A,N/A,N/A,305,15,N/A,9 feet 9 inches,10,N/A,275
N/A,N/A,N/A,205,N/A,N/A,N/A,N/A,N/A,N/A
N/A,N/A,N/A,235,10,N/A,N/A,4,N/A,N/A
N/A,N/A,N/A,280,N/A,N/A,N/A,6,N/A,N/A
N/A,N/A,N/A,N/A,N/A,N/A,N/A,N/A,N/A,N/A
N/A,N/A,N/A,N/A,N/A,N/A,N/A,N/A,N/A,N/A
N/A,N/A,N/A,N/A,N/A,N/A,N/A,N/A,N/A,N/A
N/A,N/A,N/A,N/A,13,N/A,N/A,5,N/A,230
N/A,N/A,N/A,165,N/A,N/A,N/A,N/A,N/A,N/A
N/A,4 sec,N/A,270,N/A,31 in,N/A,5,N/A,N/A
N/A,5,N/A,200,N/A,N/A,N/A,N/A,N/A,N/A
N/A,N/A,N/A,225,N/A,N/A,N/A,N/A,N/A,N/A
N/A,N/A,N/A,230,N/A,N/A,N/A,N/A,N/A,N/A
N/A,N/A,N/A,210,N/A,32inches,N/A,N/A,N/A,N/A
N/A,N/A,N/A,N/A,N/A,N/A,N/A,N/A,N/A,N/A
hand,N/A,N/A,250,N/A,30.7,8”9,N/A,N/A,N/A
Best of the Midwest Combine,4.34,N/A,225,9,N/A,8’6”,N/A,N/A,N/A
N/A,N/A,N/A,N/A,N/A,N/A,N/A,N/A,N/A,N/A
Dan Gress,N/A,N/A,215,N/A,N/A,N/A,N/A,N/A,N/A
N/A,N/A,N/A,185,N/A,N/A,N/A,N/A,N/A,N/A
N/A,4.7,N/A,180,N/A,N/A,N/A,N/A,N/A,N/A
N/A,2.23,N/A,N/A,N/A,26,N/A,N/A,N/A,N/A
N/A,N/A,N/A,225,N/A,28,N/A,1,N/A,N/A
Niko Skeriotis ,N/A,N/A,170,N/A,N/A,N/A,N/A,N/A,165
N/A,N/A,N/A,185,N/A,N/A,N/A,N/A,N/A,N/A
Coaches,N/A,N/A,315,N/A,N/A,N/A,11,N/A,N/A
N/A,4.5,N/A,145,N/A,N/A,N/A,0,N/A,N/A
N/A,N/A,N/A,300,10,N/A,N/A,5,N/A,225
N/A,N/A,N/A,205,N/A,N/A,N/A,N/A,N/A,N/A
OC,N/A,N/A,205,N/A,N/A,N/A,N/A,N/A,155
Ashland Coach,4.47,N/A,265,15,N/A,"9' 2""",6,N/A,225
Coaches,N/A,N/A,280,N/A,27,N/A,11,N/A,N/A
N/A,N/A,N/A,185,1,N/A,N/A,N/A,N/A,185
Jason prater,5.46,N/A,185,2,16.5ft,5’11,Na,N/A,N/A
N/A,N/A,N/A,N/A,N/A,N/A,N/A,N/A,N/A,N/A
N/A,n/a,N/A,275,N/A,n/a,N/A,8,N/A,N/A
N/A,N/A,N/A,N/A,N/A,N/A,N/A,N/A,N/A,N/A
N/A,N/A,N/A,200,N/A,30 inches,N/A,N/A,N/A,N/A
N/A,N/A,N/A,N/A,N/A,N/A,N/A,N/A,N/A,N/A
N/A,N/A,N/A,N/A,N/A,N/A,N/A,N/A,N/A,N/A
N/A,N/A,N/A,N/A,N/A,N/A,N/A,N/A,N/A,N/A
N/A,N/A,N/A,205,N/A,N/A,N/A,N/A,N/A,N/A
N/A,N/A,N/A,N/A,N/A,N/A,N/A,N/A,N/A,N/A
N/A,N/A,N/A,N/A,N/A,N/A,N/A,N/A,N/A,N/A
N/A,N/A,N/A,N/A,N/A,N/A,N/A,N/A,N/A,N/A
N/A,N/A,N/A,330,N/A,30,N/A,11,N/A,N/A
ohio dominican college ,N/A,N/A,185,N/A,34,N/A,N/A,N/A,N/A
N/A,N/A,N/A,240,N/A,N/A,N/A,4,N/A,N/A
N/A,N/A,N/A,235,N/A,N/A,N/A,N/A,N/A,N/A
N/A,7,N/A,245,N/A,29,N/A,2 reps ,N/A,N/A
N/A,N/A,N/A,N/A,N/A,N/A,N/A,N/A,N/A,N/A
N/A,N/A,N/A,N/A,N/A,N/A,N/A,N/A,N/A,N/A
N/A,3,N/A,175,N/A,31,N/A,0,N/A,N/A
N/A,N/A,N/A,N/A,N/A,N/A,N/A,N/A,N/A,N/A
N/A,N/A,N/A,N/A,N/A,N/A,N/A,N/A,N/A,N/A
N/A,N/A,N/A,N/A,N/A,N/A,N/A,N/A,N/A,N/A
N/A,N/A,N/A,N/A,N/A,N/A,N/A,N/A,N/A,N/A
N/A,N/A,N/A,200,N/A,N/A,N/A,N/A,N/A,N/A
Coach,N/A,N/A,N/A,N/A,N/A,N/A,N/A,N/A,N/A
N/A,N/A,N/A,N/A,N/A,N/A,N/A,N/A,N/A,N/A
Coach,N/A,N/A,285,15,23,8’2,11,N/A,185
N/A,N/A,N/A,N/A,N/A,N/A,N/A,N/A,N/A,N/A
N/A,N/A,N/A,225,N/A,N/A,N/A,8,N/A,N/A
N/A,N/A,N/A,N/A,N/A,N/A,N/A,N/A,N/A,N/A
N/A,N/A,N/A,N/A,N/A,N/A,N/A,N/A,N/A,N/A
N/A,N/A,N/A,205,N/A,N/A,N/A,N/A,N/A,N/A
N/A,N/A,N/A,250,N/A,N/A,N/A,5,N/A,225
N/A,N/A,N/A,N/A,N/A,N/A,N/A,N/A,N/A,N/A
N/A,N/A,N/A,N/A,N/A,N/A,N/A,N/A,N/A,N/A
N/A,Don’t know ,N/A,215,N/A,Don’t know ,N/A,Don’t know ,N/A,N/A
Coaching Staff,N/A,N/A,225,3,N/A,N/A,1,N/A,200
N/A,N/A,N/A,365,N/A,N/A,N/A,N/A,N/A,N/A
N/A,N/A,N/A,155,N/A,N/A,N/A,0,N/A,N/A
N/A,N/A,N/A,260,N/A,N/A,N/A,3,N/A,N/A
N/A,N/A,N/A,310,N/A,N/A,N/A,10,N/A,N/A
N/A,N/A,N/A,N/A,N/A,N/A,N/A,N/A,N/A,N/A
N/A,N/A,N/A,250,N/A,N/A,N/A,3,N/A,N/A
N/A,4.07,N/A,235,N/A,27.5,N/A,2,N/A,N/A
N/A,N/A,N/A,275,N/A,N/A,N/A,9,N/A,N/A
N/A,N/A,N/A,275,N/A,N/A,N/A,5,N/A,N/A
N/A,N/A,N/A,N/A,N/A,N/A,N/A,N/A,N/A,N/A
N/A,N/A,N/A,N/A,N/A,N/A,N/A,N/A,N/A,N/A
N/A,N/A,N/A,210,N/A,31,N/A,N/A,N/A,N/A
N/A,N/A,N/A,285,25,N/A,N/A,8,N/A,N/A
N/A,N/A,N/A,N/A,N/A,N/A,N/A,5,N/A,N/A
N/A,idk,N/A,idk,N/A,idk,N/A,no,N/A,N/A
N/A,N/A,N/A,300,N/A,N/A,N/A,11,N/A,N/A
Ohio Dominican Football Summer Camp,N/A,N/A,N/A,N/A,N/A,N/A,N/A,N/A,N/A
N/A,N/A,N/A,N/A,N/A,N/A,N/A,N/A,N/A,N/A
N/A,N/A,N/A,175,N/A,27.5,N/A,N/A,N/A,N/A
N/A,N/A,N/A,225,N/A,N/A,N/A,1,N/A,N/A
N/A,N/A,N/A,235,N/A,33 In,N/A,2,N/A,225
N/A,N/A,N/A,N/A,N/A,N/A,N/A,N/A,N/A,N/A
N/A,N/A,N/A,260,N/A,N/A,N/A,4 reps,N/A,N/A
N/A,N/A,N/A,215,N/A,N/A,N/A,N/A,N/A,N/A
N/A,N/A,N/A,200,N/A,29,N/A,0,N/A,N/A
N/A,N/A,N/A,N/A,N/A,N/A,N/A,N/A,N/A,N/A
N/A,N/A,N/A,240,N/A,N/A,N/A,3,N/A,N/A
N/A,N/A,N/A,210,N/A,N/A,N/A,N/A,N/A,N/A
N/A,N/A,N/A,185,N/A,26,N/A,N/A,N/A,N/A
N/A,N/A,N/A,N/A,N/A,N/A,N/A,1,N/A,N/A
N/A,N/A,N/A,245,N/A,N/A,N/A,5,N/A,N/A
N/A,N/A,N/A,165,N/A,33,N/A,N/A,N/A,N/A
N/A,4.5,N/A,240,N/A,N/A,9.9,N/A,N/A,N/A
N/A,N/A,N/A,210,5,N/A,N/A,N/A,N/A,N/A
N/A,N/A,N/A,260,N/A,N/A,N/A,N/A,N/A,N/A
N/A,N/A,N/A,155,N/A,N/A,N/A,N/A,N/A,N/A
N/A,N/A,N/A,235,N/A,N/A,N/A,1,N/A,N/A
N/A,4.7,N/A,205,N/A,38,N/A,Na,N/A,N/A
estimate,4.4,N/A,245,N/A,29,N/A,N/A,N/A,N/A
N/A,N/A,N/A,190,N/A,N/A,N/A,N/A,N/A,N/A
N/A,N/A,N/A,N/A,N/A,N/A,N/A,N/A,N/A,N/A
coach,N/A,N/A,250,N/A,N/A,8’9,4,N/A,245
N/A,N/A,N/A,245,N/A,N/A,N/A,3,N/A,N/A
N/A,N/A,N/A,235,N/A,N/A,N/A,3,N/A,N/A
N/A,N/A,N/A,225,N/A,N/A,N/A,6,N/A,N/A
N/A,N/A,N/A,275,N/A,36,N/A,N/A,N/A,245
N/A,N/A,N/A,215,N/A,N/A,N/A,N/A,N/A,N/A
N/A,N/A,N/A,165,N/A,N/A,N/A,N/A,N/A,N/A
N/A,N/A,N/A,N/A,N/A,N/A,N/A,N/A,N/A,N/A
N/A,5.2,N/A,245,N/A,N/A,N/A,4,N/A,N/A
N/A,N/A,N/A,250,N/A,30,N/A,3,N/A,N/A
N/A,4.78,N/A,240,N/A,23,N/A,2,N/A,N/A
N/A,N/A,N/A,215,N/A,N/A,N/A,N/A,N/A,N/A
N/A,N/A,N/A,225,N/A,N/A,N/A,1,N/A,N/A
N/A,N/A,N/A,N/A,N/A,N/A,N/A,13,N/A,N/A
N/A,N/A,N/A,315,N/A,N/A,N/A,6,N/A,N/A
N/A,N/A,N/A,165,N/A,N/A,N/A,N/A,N/A,N/A
N/A,N/A,N/A,N/A,N/A,N/A,N/A,N/A,N/A,N/A
N/A,N/A,N/A,N/A,N/A,N/A,N/A,N/A,N/A,N/A
N/A,3.8,N/A,155,N/A,N/A,N/A,N/A,N/A,N/A
Steve Daulton,N/A,N/A,205,4,N/A,101,N/A,N/A,225
N/A,N/A,N/A,225,N/A,N/A,N/A,N/A,N/A,N/A
N/A,N/A,N/A,265,N/A,N/A,N/A,5,N/A,N/A
N/A,N/A,N/A,190,N/A,26,N/A,N/A,N/A,N/A
N/A,N/A,N/A,225,9,"9""",N/A,1,N/A,N/A
N/A,N/A,N/A,N/A,N/A,N/A,N/A,N/A,N/A,N/A
D1,N/A,N/A,185,N/A,32in ,N/A,N/A,N/A,N/A
N/A,6.3,N/A,255,N/A,28.8,N/A,6,N/A,N/A
N/A,N/A,N/A,N/A,N/A,33,N/A,N/A,N/A,N/A
N/A,N/A,N/A,N/A,N/A,N/A,N/A,N/A,N/A,N/A
N/A,N/A,N/A,290,N/A,N/A,N/A,14,N/A,N/A
N/A,N/A,N/A,245,N/A,22.5,N/A,5,N/A,N/A
N/A,N/A,N/A,165,N/A,N/A,N/A,N/A,N/A,185
N/A,N/A,N/A,235,N/A,28.7,N/A,2,N/A,N/A
N/A,N/A,N/A,N/A,N/A,19.3 Inches,N/A,N/A,N/A,N/A
N/A,3.6,N/A,250,N/A,29.9,N/A,5,N/A,N/A
N/A,N/A,N/A,275,N/A,N/A,N/A,10,N/A,N/A
N/A,N/A,N/A,N/A,N/A,N/A,N/A,N/A,N/A,N/A
N/A,N/A,N/A,280,N/A,N/A,N/A,6,N/A,N/A
N/A,N/A,N/A,240,N/A,N/A,N/A,4,N/A,N/A
N/A,N/A,N/A,155,N/A,N/A,N/A,N/A,N/A,N/A
N/A,N/A,N/A,N/A,N/A,N/A,N/A,N/A,N/A,N/A
N/A,N/A,N/A,225,N/A,N/A,N/A,1 rep,N/A,N/A
N/A,NA,N/A,235,N/A,34.2,N/A,4,N/A,N/A
N/A,N/A,N/A,N/A,5x,N/A,N/A,N/A,N/A,170lbs
N/A,4.3,N/A,245,N/A,28,N/A,4,N/A,N/A
N/A,N/A,N/A,N/A,N/A,N/A,N/A,N/A,N/A,N/A
N/A,4.9,N/A,235,N/A,13,N/A,5,N/A,N/A
N/A,N/A,N/A,235,N/A,N/A,N/A,N/A,N/A,N/A
N/A,4.3,N/A,N/A,N/A,N/A,N/A,N/A,N/A,N/A
N/A,N/A,N/A,N/A,N/A,N/A,N/A,N/A,N/A,N/A
N/A,4.12,N/A,185,N/A,18,N/A,N/A,N/A,N/A
N/A,N/A,N/A,185,N/A,N/A,N/A,N/A,N/A,N/A
N/A,N/A,N/A,160,N/A,N/A,N/A,N/A,N/A,N/A
N/A,N/A,N/A,205,N/A,N/A,N/A,N/A,N/A,N/A
N/A,N/A,N/A,155,N/A,N/A,N/A,N/A,N/A,N/A
N/A,4.05,N/A,240,N/A,34,N/A,3,N/A,N/A
N/A,N/A,N/A,N/A,N/A,N/A,N/A,N/A,N/A,N/A
N/A,4.63,N/A,210,N/A,24,N/A,N/A,N/A,N/A
N/A,N/A,N/A,N/A,N/A,N/A,N/A,N/A,N/A,N/A
N/A,4.94,N/A,335,N/A,22,N/A,18,N/A,N/A
N/A,4.3,N/A,320,N/A,31,N/A,14,N/A,N/A
N/A,N/A,N/A,N/A,N/A,N/A,N/A,N/A,N/A,N/A
N/A,N/A,N/A,275,N/A,N/A,N/A,7,N/A,N/A
N/A,N/A,N/A,180,N/A,N/A,N/A,N/A,N/A,N/A
N/A,N/A,N/A,N/A,N/A,N/A,N/A,N/A,N/A,N/A
Coach,5.23,N/A,230,N/A,19,N/A,N/A,N/A,195
Head coach,4.16,N/A,335,25,N/A,"9' 1""",20,N/A,245
JY Elite Training ,N/A,N/A,335,17,"29""",N/A,9,N/A,295
N/A,N/A,N/A,N/A,N/A,N/A,N/A,N/A,N/A,N/A
N/A,N/A,N/A,N/A,N/A,N/A,N/A,N/A,N/A,N/A
N/A,N/A,N/A,250,N/A,N/A,N/A,N/A,N/A,N/A
N/A,N/A,N/A,225,N/A,N/A,N/A,N/A,N/A,N/A
KSU speed camp,5,N/A,225,10,N/A,N/A,2,N/A,185
N/A,N/A,N/A,185,N/A,N/A,N/A,N/A,N/A,N/A
N/A,N/A,N/A,N/A,N/A,N/A,N/A,195,N/A,N/A
Coach,4.9,N/A,345,20,N/A,N/A,16,N/A,N/A
N/A,N/A,N/A,155,N/A,N/A,N/A,N/A,N/A,100
N/A,4.4,N/A,180,N/A,24,N/A,0,N/A,N/A
N/A,N/A,N/A,N/A,N/A,N/A,N/A,N/A,N/A,N/A
N/A,N/A,N/A,225,N/A,28,N/A,N/A,N/A,N/A
N/A,3.67,N/A,245,N/A,34,N/A,3,N/A,N/A
N/A,N/A,N/A,190,N/A,31,N/A,0,N/A,N/A
N/A,N/A,N/A,N/A,N/A,N/A,N/A,N/A,N/A,N/A
Strength Coach,4.41,N/A,295,24,24,N/A,9,N/A,275
Coach,N/A,N/A,240,N/A,N/A,N/A,3,N/A,N/A
N/A,N/A,N/A,N/A,5,N/A,N/A,2,N/A,N/A
N/A,N/A,N/A,N/A,N/A,N/A,N/A,N/A,N/A,N/A
N/A,4.5,N/A,250,N/A,N/A,N/A,5,N/A,N/A
N/A,N/A,N/A,280,N/A,25,N/A,1,N/A,N/A
N/A,N/A,N/A,N/A,N/A,N/A,N/A,N/A,N/A,N/A
N/A,N/A,N/A,225,N/A,N/A,N/A,1,N/A,N/A
NST,N/A,N/A,245,6,28,8ft 9inches,3,N/A,215
N/A,N/A,N/A,200,N/A,N/A,N/A,N/A,N/A,N/A
N/A,N/A,N/A,N/A,N/A,N/A,N/A,N/A,N/A,N/A
N/A,N/A,N/A,240,N/A,32.4,N/A,N/A,N/A,245
N/A,4.45,N/A,N/A,N/A,N/A,N/A,N/A,N/A,N/A
College Coach,N/A,N/A,225,8,30,98,2,N/A,205
N/A,N/A,N/A,N/A,N/A,N/A,N/A,N/A,N/A,N/A
N/A,4.5,N/A,185,N/A,N/A,N/A,N/A,N/A,N/A
N/A,N/A,N/A,N/A,N/A,N/A,N/A,N/A,N/A,N/A
N/A,N/A,N/A,265,N/A,N/A,N/A,7,N/A,N/A
Slippery Rock Staff,4.59,N/A,225,7,N/A,8’10”,N/A,N/A,200
N/A,4.44,N/A,300,N/A,27,N/A,15,N/A,N/A
N/A,N/A,N/A,N/A,N/A,N/A,N/A,N/A,N/A,N/A
N/A,N/A,N/A,315,N/A,"22""","93""",N/A,N/A,N/A
N/A,N/A,N/A,N/A,N/A,N/A,N/A,N/A,N/A,N/A
N/A,N/A,N/A,250,N/A,32,N/A,4,N/A,N/A
N/A,N/A,N/A,N/A,N/A,N/A,N/A,N/A,N/A,N/A
N/A,4.31,N/A,N/A,N/A,30,N/A,N/A,N/A,N/A
N/A,N/A,N/A,230,N/A,N/A,N/A,2,N/A,N/A
N/A,N/A,N/A,140,N/A,N/A,N/A,N/A,N/A,N/A
N/A,N/A,N/A,N/A,N/A,26.5,N/A,N/A,N/A,N/A
N/A,N/A,N/A,305,N/A,33,N/A,6 reps,N/A,N/A
N/A,N/A,N/A,N/A,N/A,N/A,N/A,N/A,N/A,N/A
N/A,N/A,N/A,N/A,N/A,"26.9""",N/A,N/A,N/A,N/A
N/A,N/A,N/A,N/A,N/A,N/A,N/A,N/A,N/A,N/A
N/A,N/A,N/A,N/A,N/A,N/A,N/A,N/A,N/A,N/A
N/A,4,N/A,245,N/A,N/A,N/A,5,N/A,N/A
N/A,N/A,N/A,225,N/A,N/A,N/A,N/A,N/A,N/A
Hand,4.36,N/A,215,8,31,8’6”,0,N/A,205
N/A,N/A,N/A,270,N/A,N/A,N/A,5,N/A,N/A
N/A,4.5,N/A,260,N/A,8’6,N/A,6,N/A,N/A
N/A,N/A,N/A,N/A,N/A,N/A,N/A,N/A,N/A,N/A
N/A,N/A,N/A,155,N/A,N/A,N/A,N/A,N/A,N/A
N/A,5.2,N/A,225,N/A,N/A,N/A,1,N/A,N/A
N/A,4.8,N/A,200,N/A,N/A,N/A,N/A,N/A,N/A
N/A,4.37,N/A,185,N/A,N/A,N/A,N/A,N/A,N/A
N/A,N/A,N/A,205,N/A,N/A,N/A,0,N/A,N/A
N/A,N/A,N/A,265,10,23,N/A,5,N/A,225
Ashland University ,N/A,N/A,250,15,N/A,9’1 1/2,N/A,N/A,275
N/A,N/A,N/A,N/A,N/A,N/A,N/A,N/A,N/A,N/A
N/A,N/A,N/A,N/A,N/A,N/A,N/A,N/A,N/A,N/A
N/A,N/A,N/A,285,N/A,N/A,N/A,N/A,N/A,N/A
N/A,N/a,N/A,205,N/A,N/a ,N/A,0,N/A,N/A
Hand,?,N/A,215,N/A,?,N/A,N/A,N/A,N/A
N/A,4.33,N/A,265,N/A,N/A,N/A,5,N/A,225
N/A,Na,N/A,230,N/A,Na,N/A,3,N/A,N/A
N/A,N/A,N/A,N/A,N/A,N/A,N/A,N/A,N/A,N/A
N/A,N/A,N/A,245,N/A,N/A,N/A,2,N/A,N/A
N/A,N/A,N/A,N/A,N/A,N/A,N/A,N/A,N/A,N/A
N/A,6.8,N/A,275,N/A,N/A,N/A,3,N/A,N/A
N/A,N/A,N/A,N/A,N/A,N/A,N/A,N/A,N/A,N/A
N/A,4.1,N/A,N/A,N/A,N/A,N/A,N/A,N/A,N/A
N/A,N/A,N/A,200,N/A,N/A,N/A,N/A,N/A,N/A
N/A,N/A,N/A,265,N/A,28,N/A,N/A,N/A,N/A
N/A,N/A,N/A,N/A,N/A,N/A,N/A,N/A,N/A,N/A
Nobody it's a guess,N/A,N/A,270,N/A,N/A,N/A,N/A,N/A,Hang Clean: 315
N/A,N/A,N/A,N/A,N/A,N/A,N/A,N/A,N/A,N/A
N/A,15,N/A,185,N/A,24,N/A,1,N/A,N/A
N/A,N/A,N/A,225,7,N/A,N/A,1,N/A,N/A
N/A,4.37,N/A,N/A,N/A,N/A,N/A,N/A,N/A,N/A
N/A,N/A,N/A,N/A,N/A,N/A,N/A,N/A,N/A,N/A
N/A,N/A,N/A,215,N/A,N/A,N/A,N/A,N/A,N/A
N/A,N/A,N/A,N/A,N/A,N/A,N/A,N/A,N/A,N/A
N/A,N/A,N/A,215,N/A,30,N/A,N/A,N/A,N/A
N/A,N/A,N/A,N/A,N/A,N/A,N/A,N/A,N/A,N/A
N/A,N/A,N/A,N/A,N/A,N/A,N/A,N/A,N/A,N/A
N/A,N/A,N/A,215,N/A,N/A,N/A,N/A,N/A,N/A
N/A,N/A,N/A,N/A,N/A,N/A,N/A,N/A,N/A,N/A
N/A,N/A,N/A,285,N/A,N/A,N/A,10,N/A,N/A
N/A,N/A,N/A,N/A,N/A,N/A,N/A,N/A,N/A,N/A
N/A,n/a,N/A,225,N/A,26,N/A,1,N/A,N/A
N/A,N/A,N/A,N/A,N/A,N/A,N/A,N/A,N/A,N/A
N/A,N/A,N/A,N/A,N/A,N/A,N/A,N/A,N/A,N/A
N/A,N/A,N/A,N/A,N/A,N/A,N/A,N/A,N/A,N/A
N/A,N/A,N/A,325,N/A,34,N/A,16,N/A,N/A
N/A,N/A,N/A,N/A,N/A,N/A,N/A,N/A,N/A,N/A
N/A,N/A,N/A,175,N/A,N/A,100,0,N/A,225
N/A,4.1,N/A,325,N/A,32,N/A,14,N/A,N/A
N/A,N/A,N/A,235,N/A,N/A,N/A,N/A,N/A,N/A
N/A,N/A,N/A,300,N/A,N/A,N/A,13,N/A,N/A
N/A,N/A,N/A,N/A,N/A,N/A,N/A,N/A,N/A,N/A
N/A,4.5,N/A,235,N/A,24,N/A,N/A,N/A,N/A
N/A,N/A,N/A,285,N/A,N/A,N/A,9,N/A,N/A
N/A,N/A,N/A,225,N/A,N/A,N/A,1,N/A,N/A
N/A,N/A,N/A,N/A,N/A,N/A,N/A,N/A,N/A,N/A
N/A,N/A,N/A,N/A,N/A,N/A,N/A,N/A,N/A,N/A
N/A,N/A,N/A,N/A,N/A,30,98 inches ,N/A,N/A,N/A
N/A,N/A,N/A,N/A,N/A,N/A,N/A,N/A,N/A,N/A
N/A,N/A,N/A,N/A,N/A,N/A,N/A,N/A,N/A,N/A
N/A,4.43,N/A,185,N/A,N/A,N/A,N/A,N/A,N/A
N/A,N/A,N/A,N/A,N/A,N/A,N/A,N/A,N/A,N/A
N/A,N/A,N/A,N/A,N/A,N/A,N/A,N/A,N/A,N/A
N/A,N/A,N/A,N/A,N/A,N/A,N/A,N/A,N/A,N/A
N/A,N/A,N/A,N/A,N/A,N/A,N/A,N/A,N/A,N/A
N/A,N/A,N/A,N/A,N/A,N/A,N/A,N/A,N/A,N/A
N/A,N/A,N/A,N/A,N/A,N/A,N/A,N/A,N/A,N/A
N/A,N/A,N/A,275,N/A,N/A,N/A,12,N/A,N/A
N/A,N/A,N/A,245,N/A,N/A,N/A,N/A,N/A,N/A
N/A,N/A,N/A,205,N/A,N/A,N/A,N/A,N/A,N/A
N/A,N/A,N/A,135,N/A,31,N/A,N/A,N/A,N/A
Scott howarth,N/A,N/A,135,N/A,N/A,8ft,N/A,N/A,N/A
N/A,N/A,N/A,205,N/A,N/A,N/A,N/A,N/A,N/A
N/A,N/A,N/A,N/A,N/A,N/A,N/A,N/A,N/A,N/A
N/A,N/A,N/A,N/A,N/A,N/A,N/A,N/A,N/A,N/A
N/A,N/A,N/A,180,N/A,N/A,N/A,N/A,N/A,N/A
N/A,4.6,N/A,205,N/A,none,N/A,0,N/A,N/A
N/A,N/A,N/A,N/A,N/A,N/A,N/A,N/A,N/A,N/A
N/A,N/A,N/A,N/A,N/A,N/A,N/A,5,N/A,N/A
N/A,4.2,N/A,205,4,30,N/A,0,N/A,200
N/A,N/A,N/A,N/A,N/A,N/A,N/A,N/A,N/A,N/A
N/A,N/A,N/A,175,N/A,N/A,N/A,N/A,N/A,N/A
N/A,N/A,N/A,265,N/A,N/A,N/A,6,N/A,N/A
N/A,N/A,N/A,205,N/A,30,N/A,N/A,N/A,N/A
N/A,N/A,N/A,N/A,N/A,N/A,N/A,N/A,N/A,N/A
N/A,4.79,N/A,215,N/A,N/A,N/A,N/A,N/A,N/A
N/A,Don’t know ,N/A,135,N/A,Don’t know ,N/A,0,N/A,N/A
N/A,4.5,N/A,155,N/A,25,N/A,N/A,N/A,N/A
N/A,N/A,N/A,N/A,N/A,N/A,N/A,N/A,N/A,N/A
N/A,none,N/A,185,N/A,none,N/A,10,N/A,N/A
N/A,N/A,N/A,N/A,N/A,N/A,N/A,N/A,N/A,N/A
N/A,N/A,N/A,N/A,N/A,N/A,N/A,N/A,N/A,N/A
N/A,N/A,N/A,N/A,N/A,N/A,N/A,N/A,N/A,N/A
N/A,4.01,N/A,225,N/A,36,N/A,1,N/A,N/A
N/A,N/A,N/A,135,N/A,24.5,N/A,N/A,N/A,N/A
N/A,N/A,N/A,N/A,N/A,N/A,N/A,N/A,N/A,N/A
N/A,4.9,N/A,270,N/A,30,N/A,8,N/A,N/A
N/A,N/A,N/A,275,N/A,N/A,N/A,5,N/A,N/A
N/A,N/A,N/A,N/A,N/A,N/A,N/A,N/A,N/A,N/A
N/A,N/A,N/A,195,N/A,32,N/A,0,N/A,N/A
N/A,N/A,N/A,265,N/A,N/A,N/A,3,N/A,N/A
N/A,N/A,N/A,N/A,N/A,N/A,N/A,205,N/A,N/A
N/A,N/A,N/A,N/A,N/A,N/A,N/A,N/A,N/A,N/A
N/A,N/A,N/A,N/A,N/A,21 inch,N/A,N/A,N/A,N/A
N/A,N/A,N/A,305,N/A,N/A,N/A,N/A,N/A,210
N/A,N/A,N/A,N/A,N/A,N/A,N/A,N/A,N/A,N/A
N/A,5.1,N/A,160,N/A,N/A,N/A,N/A,N/A,N/A
N/A,N/A,N/A,N/A,N/A,N/A,N/A,N/A,N/A,N/A
N/A,.,N/A,205,N/A,.,N/A,.,N/A,N/A
N/A,N/A,N/A,205,2,10 feet,N/A,N/A,N/A,215
N/A,N/A,N/A,275,N/A,N/A,N/A,N/A,N/A,N/A
N/A,N/A,N/A,N/A,N/A,N/A,N/A,N/A,N/A,N/A
N/A,N/A,N/A,N/A,N/A,N/A,N/A,N/A,N/A,N/A
N/A,N/A,N/A,N/A,N/A,N/A,N/A,N/A,N/A,N/A
N/A,N/A,N/A,240,N/A,N/A,N/A,N/A,N/A,N/A
N/A,4.7,N/A,125,N/A,20.9,N/A,3x110,N/A,N/A
N/A,N/A,N/A,195,N/A,3ft,N/A,2,N/A,N/A
N/A,N/A,N/A,N/A,N/A,N/A,N/A,N/A,N/A,N/A
N/A,N/A,N/A,N/A,N/A,N/A,N/A,N/A,N/A,N/A
N/A,N/A,N/A,110,N/A,N/A,N/A,N/A,N/A,N/A
Coaching Staff,4.69,N/A,245,N/A,N/A,N/A,N/A,N/A,250
N/A,N/A,N/A,110,N/A,N/A,N/A,N/A,N/A,N/A
N/A,N/A,N/A,265,N/A,31,N/A,N/A,N/A,N/A
Coach Snyder,N/A,N/A,235,N/A,N/A,N/A,1,N/A,225
N/A,N/A,N/A,N/A,N/A,N/A,N/A,N/A,N/A,N/A
N/A,N/A,N/A,N/A,N/A,N/A,N/A,N/A,N/A,N/A
N/A,5.2,N/A,N/A,N/A,N/A,N/A,N/A,N/A,N/A
N/A,N/A,N/A,N/A,N/A,N/A,N/A,N/A,N/A,N/A
N/A,N/A,N/A,N/A,N/A,N/A,N/A,N/A,N/A,N/A
N/A,N/A,N/A,N/A,N/A,N/A,N/A,N/A,N/A,N/A
N/A,N/A,N/A,N/A,N/A,N/A,N/A,N/A,N/A,N/A
N/A,N/A,N/A,315,N/A,N/A,N/A,10,N/A,N/A
N/A,N/A,N/A,N/A,N/A,N/A,N/A,N/A,N/A,N/A
N/A,N/A,N/A,190,N/A,N/A,N/A,N/A,N/A,N/A
N/A,N/A,N/A,275,N/A,28,N/A,10,N/A,N/A
N/A,N/A,N/A,225,N/A,N/A,N/A,1,N/A,N/A
N/A,N/A,N/A,165,N/A,N/A,N/A,N/A,N/A,N/A
N/A,N/A,N/A,200,N/A,N/A,N/A,N/A,N/A,N/A
Keith Boedicker,N/A,N/A,235,7,N/A,N/A,2,N/A,190
N/A,N/A,N/A,205,3,N/A,N/A,0,N/A,N/A
N/A,N/A,N/A,N/A,N/A,N/A,N/A,N/A,N/A,N/A
N/A,N/A,N/A,N/A,N/A,N/A,N/A,N/A,N/A,N/A
N/A,N/A,N/A,250,N/A,44,9'6,N/A,N/A,N/A
N/A,4.2,N/A,265,N/A,N/A,N/A,6,N/A,N/A
N/A,3.8,N/A,185,N/A,N/A,N/A,N/A,N/A,N/A
N/A,N/A,N/A,225,N/A,N/A,N/A,1,N/A,N/A
N/A,4.8,N/A,165,N/A,N/A,N/A,N/A,N/A,N/A
N/A,N/A,N/A,N/A,N/A,N/A,N/A,N/A,N/A,N/A
N/A,4.16,N/A,225,N/A,32,N/A,1,N/A,N/A
N/A,N/A,N/A,N/A,N/A,N/A,N/A,N/A,N/A,N/A
N/A,Don’t know ,N/A,275,N/A,28,N/A,15,N/A,N/A
N/A,N/A,N/A,225,N/A,N/A,N/A,1,N/A,N/A
N/A,4.44,N/A,325,N/A,N/A,N/A,N/A,N/A,250
N/A,N/A,N/A,N/A,N/A,N/A,N/A,N/A,N/A,N/A
N/A,N/A,N/A,N/A,N/A,29,N/A,N/A,N/A,N/A
N/A,N/A,N/A,N/A,N/A,N/A,N/A,2,N/A,N/A
N/A,N/A,N/A,N/A,N/A,N/A,N/A,N/A,N/A,N/A
N/A,N/A,N/A,240,12,N/A,N/A,N/A,N/A,N/A
N/A,N/A,N/A,170,N/A,N/A,N/A,N/A,N/A,N/A
Coach Johns (Tiffin),4.85,N/A,275,N/A,24.5 in.,"6'7""",N/A,N/A,250
N/A,N/A,N/A,N/A,N/A,N/A,N/A,N/A,N/A,N/A
N/A,N/A,N/A,N/A,N/A,N/A,N/A,N/A,N/A,N/A
N/A,N/A,N/A,265,N/A,N/A,N/A,8,N/A,N/A
N/A,N/A,N/A,N/A,N/A,N/A,N/A,N/A,N/A,N/A
N/A,N/A,N/A,N/A,N/A,N/A,N/A,N/A,N/A,N/A
N/A,N/A,N/A,N/A,N/A,N/A,N/A,N/A,N/A,N/A
N/A,N/A,N/A,285,N/A,N/A,N/A,N/A,N/A,N/A
N/A,N/A,N/A,N/A,N/A,N/A,N/A,N/A,N/A,N/A
N/A,N/A,N/A,N/A,N/A,N/A,N/A,N/A,N/A,N/A
N/A,N/A,N/A,N/A,N/A,N/A,N/A,N/A,N/A,N/A
N/A,4.6,N/A,250,12,33,N/A,4,N/A,N/A
N/A,N/A,N/A,N/A,N/A,N/A,N/A,N/A,N/A,N/A
N/A,4.6,N/A,165,N/A,25,N/A,0,N/A,N/A
N/A,N/A,N/A,N/A,N/A,N/A,N/A,N/A,N/A,N/A
N/A,N/A,N/A,210,N/A,N/A,N/A,N/A,N/A,N/A
N/A,N/A,N/A,230,10,N/A,N/A,2,N/A,N/A
N/A,N/A,N/A,150,N/A,N/A,N/A,0,N/A,N/A
N/A,N/A,N/A,N/A,N/A,N/A,N/A,N/A,N/A,N/A
N/A,N/A,N/A,150,N/A,30.5,N/A,N/A,N/A,N/A
N/A,N/a,N/A,10,N/A,N/a,N/A,10,N/A,N/A
N/A,5.5,N/A,150 x 15,N/A,"17""",N/A,0,N/A,N/A
N/A,N/A,N/A,N/A,N/A,N/A,N/A,N/A,N/A,N/A
N/A,N/A,N/A,N/A,N/A,N/A,N/A,N/A,N/A,N/A
N/A,N/A,N/A,225,N/A,N/A,N/A,1,N/A,N/A
N/A,N/A,N/A,N/A,N/A,N/A,N/A,N/A,N/A,N/A
N/A,N/A,N/A,315,N/A,N/A,N/A,13,N/A,N/A
N/A,5.5,N/A,N/A,N/A,need to update,N/A,need to update,N/A,185
N/A,N/A,N/A,230,N/A,N/A,N/A,6,N/A,N/A
Coach,N/A,N/A,195,3,N/A,102”,0,N/A,200
N/A,4.17,N/A,220,N/A,26’’,N/A,0,N/A,N/A
N/A,N/A,N/A,N/A,N/A,N/A,N/A,N/A,N/A,N/A
N/A,N/A,N/A,N/A,N/A,N/A,N/A,N/A,N/A,N/A
N/A,N/A,N/A,285,N/A,N/A,N/A,14,N/A,N/A
N/A,N/A,N/A,170,N/A,N/A,N/A,N/A,N/A,N/A
Coach Bruner,N/A,N/A,230,8,34,108,N/A,N/A,275
N/A,4.25,N/A,200,N/A,41,N/A,1,N/A,N/A
N/A,N/A,N/A,265,15,N/A,N/A,6,N/A,N/A
N/A,N/A,N/A,265,N/A,21,N/A,N/A,N/A,N/A
N/A,5.4,N/A,210,N/A,20,N/A,425,N/A,N/A
N/A,N/A,N/A,N/A,N/A,N/A,N/A,N/A,N/A,N/A
N/A,N/A,N/A,155,N/A,N/A,N/A,N/A,N/A,N/A
Coach,N/A,N/A,N/A,N/A,N/A,N/A,N/A,N/A,N/A
N/A,N/A,N/A,205,N/A,N/A,N/A,N/A,N/A,N/A
N/A,N/A,N/A,250,N/A,N/A,N/A,N/A,N/A,N/A
N/A,N/A,N/A,N/A,N/A,N/A,N/A,N/A,N/A,N/A
N/A,N/A,N/A,200,N/A,N/A,N/A,0,N/A,N/A
N/A,N/A,N/A,305,N/A,N/A,N/A,11,N/A,N/A
N/A,N/A,N/A,185,N/A,N/A,N/A,N/A,N/A,N/A
N/A,4.75,N/A,140,N/A,N/A,N/A,0,N/A,N/A
N/A,N/A,N/A,250,N/A,33,N/A,N/A,N/A,N/A
N/A,N/A,N/A,215,N/A,N/A,N/A,N/A,N/A,N/A
N/A,N/A,N/A,210,N/A,N/A,N/A,N/A,N/A,N/A
N/A,N/A,N/A,275,N/A,25,N/A,10,N/A,N/A
N/A,N/A,N/A,N/A,N/A,N/A,N/A,N/A,N/A,N/A
N/A,N/A,N/A,N/A,N/A,N/A,N/A,3,N/A,N/A
N/A,N/A,N/A,245,N/A,N/A,N/A,3,N/A,N/A
N/A,4.38,N/A,200,2,N/A,"9' 4""",N/A,N/A,N/A
N/A,N/A,N/A,160,N/A,30,N/A,N/A,N/A,N/A
N/A,N/A,N/A,N/A,N/A,N/A,N/A,N/A,N/A,N/A
N/A,N/A,N/A,N/A,N/A,N/A,N/A,N/A,N/A,N/A
N/A,N/A,N/A,315,N/A,N/A,N/A,N/A,N/A,N/A
N/A,N/A,N/A,N/A,N/A,N/A,N/A,N/A,N/A,N/A
N/A,N/A,N/A,N/A,N/A,N/A,N/A,N/A,N/A,N/A
N/A,N/A,N/A,225,N/A,N/A,N/A,1,N/A,N/A
N/A,N/A,N/A,225,5,N/A,N/A,N/A,N/A,N/A
N/A,N/A,N/A,N/A,N/A,N/A,N/A,N/A,N/A,N/A
Next Gen camp 2018,N/A,N/A,N/A,N/A,N/A,N/A,N/A,N/A,N/A
coach,Don’t know ,N/A,240,10,Dont know,Don’t know,2,N/A,225
N/A,N/A,N/A,355,N/A,N/A,N/A,14,N/A,N/A
N/A,8.9,N/A,205,N/A,38 inches ,N/A,1,N/A,N/A
N/A,4.7,N/A,N/A,N/A,23.5,N/A,N/A,N/A,N/A
N/A,4.3,N/A,195,N/A,N/A,N/A,N/A,N/A,N/A
N/A,N/A,N/A,225,N/A,34,N/A,1,N/A,N/A
N/A,4.7,N/A,175,N/A,32,N/A,N/A,N/A,N/A
N/A,N/A,N/A,N/A,N/A,N/A,N/A,N/A,N/A,N/A
kent state football camp,N/A,N/A,345,5,21in,N/A,3,N/A,245
Coach  ,N/A,N/A,265,12,N/A,N/A,8,N/A,230
N/A,N/A,N/A,215 lbs ,N/A,N/A,N/A,N/A,N/A,N/A
N/A,N/A,N/A,155,N/A,N/A,N/A,N/A,N/A,N/A
N/A,N/A,N/A,330,N/A,N/A,N/A,15,N/A,N/A
F.A.S.T,4.82,N/A,285,N/A,24.1,N/A,10,N/A,245
Head Coach,N/A,N/A,185,N/A,26,N/A,N/A,N/A,N/A
N/A,N/A,N/A,245,N/A,N/A,N/A,3,N/A,N/A
N/A,Not applicable ,N/A,Not applicable ,N/A,Not applicable ,N/A,Not applicable ,N/A,N/A
N/A,N/A,N/A,135,N/A,24,N/A,N/A,N/A,N/A
N/A,N/A,N/A,215,N/A,N/A,N/A,N/A,N/A,N/A
N/A,N/A,N/A,N/A,N/A,N/A,N/A,N/A,N/A,N/A
N/A,N/A,N/A,N/A,N/A,N/A,N/A,N/A,N/A,N/A
N/A,N/A,N/A,215,10 reps,25,N/A,N/A,N/A,N/A
N/A,N/A,N/A,N/A,N/A,N/A,N/A,N/A,N/A,N/A
N/A,N/A,N/A,300,N/A,N/A,N/A,7,N/A,N/A
N/A,N/A,N/A,255,N/A,N/A,N/A,N/A,N/A,260
N/A,N/A,N/A,N/A,N/A,N/A,N/A,N/A,N/A,N/A
N/A,N/A,N/A,N/A,N/A,N/A,N/A,N/A,N/A,N/A
N/A,N/A,N/A,250,N/A,N/A,N/A,N/A,N/A,N/A
N/A,N/A,N/A,265,N/A,N/A,N/A,7,N/A,305
N/A,4.9,N/A,225,N/A,N/A,N/A,1,N/A,N/A
N/A,N/A,N/A,235,N/A,N/A,N/A,2,N/A,N/A
N/A,4.8,N/A,225,N/A,unknown,N/A,1,N/A,N/A
N/A,2.4,N/A,N/A,N/A,23,N/A,N/A,N/A,N/A
N/A,N/A,N/A,N/A,N/A,N/A,N/A,N/A,N/A,N/A
N/A,4.81,N/A,265,N/A,N/A,N/A,3,N/A,215
N/A,4.89,N/A,175,N/A,20,N/A,0,N/A,N/A
N/A,N/A,N/A,275,N/A,24,N/A,6,N/A,N/A
N/A,4.4,N/A,180,N/A,30 in,N/A,N/A,N/A,N/A
N/A,N/A,N/A,N/A,N/A,N/A,N/A,N/A,N/A,N/A
N/A,N/A,N/A,225,N/A,N/A,N/A,1,N/A,N/A
N/A,N/A,N/A,N/A,N/A,N/A,N/A,N/A,N/A,N/A
N/A,N/A,N/A,215,N/A,N/A,N/A,0,N/A,N/A
N/A,N/A,N/A,165,N/A,N/A,N/A,N/A,N/A,155
N/A,N/A,N/A,N/A,N/A,N/A,N/A,N/A,N/A,N/A
N/A,N/A,N/A,N/A,N/A,N/A,N/A,N/A,N/A,N/A
N/A,N/A,N/A,N/A,N/A,N/A,N/A,270,N/A,N/A
N/A,N/A,N/A,N/A,N/A,N/A,N/A,N/A,N/A,N/A
N/A,N/A,N/A,250,10,N/A,N/A,3,N/A,165
N/A,N/A,N/A,N/A,N/A,N/A,N/A,N/A,N/A,N/A
N/A,N/A,N/A,195,2,N/A,N/A,N/A,N/A,185
N/A,N/A,N/A,N/A,N/A,N/A,N/A,N/A,N/A,N/A
myself,N/A,N/A,245,9,N/A,N/A,2,N/A,N/A
N/A,N/A,N/A,N/A,N/A,N/A,N/A,N/A,N/A,N/A
N/A,N/A,N/A,225,6,N/A,N/A,N/A,N/A,225
N/A,N/A,N/A,N/A,N/A,N/A,N/A,N/A,N/A,N/A
N/A,N/A,N/A,N/A,N/A,N/A,N/A,N/A,N/A,N/A
N/A,N/A,N/A,205,N/A,N/A,N/A,N/A,N/A,N/A
N/A,N/A,N/A,N/A,N/A,N/A,N/A,N/A,N/A,N/A
N/A,N/A,N/A,195,N/A,N/A,N/A,2,N/A,N/A
N/A,N/A,N/A,N/A,N/A,N/A,N/A,N/A,N/A,N/A
N/A,N/A,N/A,N/A,N/A,N/A,N/A,N/A,N/A,N/A
N/A,5,N/A,225,N/A,18,N/A,1,N/A,N/A
N/A,N/A,N/A,N/A,N/A,N/A,N/A,N/A,N/A,N/A
N/A,N/A,N/A,65,N/A,N/A,N/A,N/A,N/A,N/A
N/A,N/A,N/A,N/A,N/A,N/A,N/A,N/A,N/A,N/A
N/A,4.76,N/A,245,N/A,22,N/A,Haven’t done ,N/A,N/A
N/A,N/A,N/A,135,N/A,N/A,N/A,0,N/A,N/A
N/A,N/A,N/A,N/A,N/A,N/A,N/A,N/A,N/A,N/A
N/A,4.3,N/A,260,N/A,N/A,N/A,6,N/A,N/A
N/A,N/A,N/A,250,N/A,N/A,N/A,2,N/A,N/A
N/A,N/A,N/A,N/A,N/A,N/A,N/A,N/A,N/A,N/A
N/A,N/A,N/A,N/A,N/A,N/A,N/A,N/A,N/A,N/A
T.C molk,4.4,N/A,225,6,NA,N/A,1,N/A,230
N/A,N/A,N/A,N/A,N/A,N/A,N/A,N/A,N/A,N/A
N/A,2.7,N/A,N/A,N/A,N/A,N/A,N/A,N/A,N/A
N/A,N/A,N/A,N/A,N/A,N/A,N/A,N/A,N/A,N/A
N/A,N/A,N/A,210,N/A,N/A,N/A,N/A,N/A,N/A
N/A,4.63,N/A,185,N/A,N/A,N/A,N/A,N/A,N/A
N/A,4.8,N/A,220,N/A,N/A,N/A,1,N/A,N/A
N/A,N/A,N/A,N/A,N/A,N/A,N/A,N/A,N/A,N/A
N/A,Not tested,N/A,260,N/A,Not tested,N/A,5,N/A,N/A
N/A,None ,N/A,None,N/A,None,N/A,None,N/A,N/A
N/A,N/A,N/A,205,N/A,N/A,N/A,N/A,N/A,N/A
N/A,N/A,N/A,235,N/A,N/A,N/A,N/A,N/A,N/A
N/A,N/A,N/A,N/A,N/A,N/A,N/A,N/A,N/A,N/A
N/A,4,N/A,225,N/A,30'',N/A,1,N/A,N/A
N/A,N/A,N/A,N/A,N/A,N/A,N/A,N/A,N/A,N/A
N/A,N/A,N/A,N/A,N/A,N/A,N/A,N/A,N/A,N/A
N/A,4.41,N/A,260,N/A,N/A,N/A,6,N/A,N/A
N/A,don't know yet,N/A,205,N/A,about 27,N/A,0,N/A,N/A
N/A,NA,N/A,285,N/A,NA,N/A,8,N/A,N/A
N/A,2.96,N/A,245,N/A,29,N/A,3,N/A,N/A
N/A,N/A,N/A,N/A,N/A,N/A,N/A,N/A,N/A,N/A
N/A,4.25,N/A,250,14,10,N/A,4,N/A,255
Kent State,5.01,N/A,205,N/A,24.3,"6' 3""",N/A,N/A,N/A
N/A,N/A,N/A,N/A,N/A,N/A,N/A,N/A,N/A,N/A
N/A,N/A,N/A,N/A,N/A,27,N/A,N/A,N/A,N/A
N/A,4.14,N/A,270,9,32,N/A,3,N/A,N/A
N/A,N/A,N/A,N/A,N/A,N/A,N/A,N/A,N/A,N/A
N/A,N/A,N/A,155,N/A,N/A,N/A,N/A,N/A,N/A
N/A,(Will Be Recorded),N/A,(Will Be Recorded),N/A,(Will Be Recorded),N/A,(Will Be Recorded),N/A,N/A
N/A,N/A,N/A,280,N/A,30.5,"8'1""",10,N/A,240
N/A,N/A,N/A,175,N/A,N/A,N/A,N/A,N/A,N/A
N/A,N/A,N/A,N/A,N/A,N/A,N/A,N/A,N/A,N/A
Assistant Coach,4.34,N/A,185,1,N/A,"9'10""",N/A,N/A,200
N/A,4.2,N/A,215,N/A,34in,N/A,1,N/A,N/A
Anthony Shrock and Coach Todd ,4.21,N/A,N/A,N/A,35,10’9”,0,N/A,215
N/A,N/A,N/A,235,N/A,20 inches ,N/A,2,N/A,N/A
N/A,N/A,N/A,N/A,N/A,23”,N/A,N/A,N/A,N/A
N/A,N/A,N/A,205,N/A,N/A,N/A,N/A,N/A,N/A
N/A,5.2,N/A,205,N/A,18,N/A,N/A,N/A,N/A
N/A,N/A,N/A,N/A,N/A,N/A,N/A,N/A,N/A,N/A
N/A,N/A,N/A,N/A,N/A,N/A,N/A,N/A,N/A,N/A
N/A,N/A,N/A,245,N/A,N/A,N/A,8,N/A,N/A
N/A,4.6,N/A,175,N/A,N/A,N/A,N/A,N/A,N/A
N/A,N/A,N/A,N/A,N/A,N/A,N/A,N/A,N/A,N/A
N/A,N/A,N/A,210,N/A,21”,N/A,N/A,N/A,N/A
N/A,N/A,N/A,N/A,N/A,N/A,N/A,N/A,N/A,N/A
N/A,N/A,N/A,185,N/A,N/A,N/A,N/A,N/A,N/A
N/A,N/A,N/A,250,N/A,N/A,N/A,6,N/A,N/A
N/A,N/A,N/A,N/A,N/A,N/A,N/A,N/A,N/A,N/A
N/A,Don’t know,N/A,Don’t know,N/A,Don’t know ,N/A,Don’t know,N/A,N/A
N/A,N/A,N/A,N/A,N/A,N/A,N/A,N/A,N/A,N/A
N/A,N/A,N/A,300,N/A,N/A,N/A,10,N/A,N/A
Jeff King,4.7,N/A,235,8,N/A,N/A,2,N/A,N/A
N/A,N/A,N/A,N/A,N/A,N/A,N/A,N/A,N/A,N/A
N/A,N/A,N/A,N/A,N/A,N/A,N/A,N/A,N/A,N/A
N/A,N/A,N/A,160,N/A,N/A,N/A,N/A,N/A,N/A
N/A,6 seconds,N/A,170,N/A,16,N/A,n/a,N/A,N/A
N/A,N/A,N/A,200,N/A,31,N/A,N/A,N/A,N/A
N/A,N/A,N/A,N/A,N/A,N/A,N/A,N/A,N/A,N/A
N/A,N/A,N/A,N/A,N/A,N/A,N/A,N/A,N/A,N/A
N/A,N/A,N/A,N/A,N/A,N/A,N/A,N/A,N/A,N/A
N/A,N/A,N/A,N/A,N/A,N/A,N/A,N/A,N/A,N/A
N/A,N/A,N/A,N/A,N/A,N/A,N/A,N/A,N/A,N/A
N/A,3.8,N/A,205,N/A,18.5,N/A,1,N/A,N/A
Spire Institute,4.27,N/A,275,15,30.7,9.3,6,N/A,235
N/A,N/A,N/A,200,N/A,35,N/A,N/A,N/A,N/A
N/A,N/A,N/A,N/A,N/A,N/A,N/A,N/A,N/A,N/A
N/A,N/A,N/A,260,N/A,N/A,N/A,4,N/A,N/A
N/A,N/A,N/A,235,N/A,N/A,N/A,1,N/A,N/A
N/A,N/A,N/A,N/A,N/A,N/A,N/A,N/A,N/A,N/A
N/A,N/A,N/A,365,N/A,N/A,N/A,N/A,N/A,N/A
N/A,N/A,N/A,145,N/A,N/A,N/A,N/A,N/A,N/A
N/A,5.8,N/A,245,4,3,N/A,2,N/A,N/A
N/A,N/A,N/A,195,N/A,N/A,N/A,N/A,N/A,N/A
N/A,N/A,N/A,200,N/A,30.2,N/A,N/A,N/A,N/A
N/A,N/A,N/A,N/A,N/A,N/A,N/A,N/A,N/A,N/A
N/A,4.87,N/A,225,N/A,50,N/A,1,N/A,N/A
N/A,4.7,N/A,N/A,N/A,20,N/A,N/A,N/A,N/A
N/A,N/A,N/A,N/A,N/A,N/A,N/A,N/A,N/A,N/A
N/A,5,N/A,145,N/A,10ft,N/A,N/A,N/A,N/A
N/A,N/A,N/A,N/A,N/A,N/A,N/A,N/A,N/A,N/A
N/A,N/A,N/A,N/A,N/A,N/A,N/A,N/A,N/A,N/A
N/A,5,N/A,185,N/A,6,N/A,185,N/A,N/A
N/A,N/A,N/A,195,N/A,N/A,N/A,N/A,N/A,N/A
N/A,N/A,N/A,N/A,N/A,N/A,N/A,6,N/A,195
N/A,N/A,N/A,135,N/A,N/A,N/A,N/A,N/A,N/A
N/A,N/A,N/A,N/A,N/A,N/A,N/A,N/A,N/A,N/A
N/A,N/A,N/A,150,N/A,N/A,N/A,N/A,N/A,N/A
N/A,N/A,N/A,N/A,N/A,N/A,N/A,N/A,N/A,N/A
N/A,N/A,N/A,185,N/A,25,N/A,N/A,N/A,N/A
N/A,N/A,N/A,N/A,N/A,N/A,N/A,N/A,N/A,N/A
N/A,N/A,N/A,N/A,N/A,N/A,N/A,N/A,N/A,N/A
Coach Rankin,5,N/A,215,8,17',80',1,N/A,155
N/A,N/A,N/A,160,N/A,N/A,N/A,N/A,N/A,N/A
N/A,N/A,N/A,N/A,N/A,N/A,N/A,N/A,N/A,N/A
N/A,N/A,N/A,255,10,N/A,55 inches,3,N/A,185
N/A,N/A,N/A,245,25,N/A,8’1,24,N/A,255
N/A,N/A,N/A,210,N/A,20,N/A,0,N/A,N/A
N/A,N/A,N/A,270,11,N/A,N/A,5,N/A,N/A
N/A,6,N/A,255,22,26,N/A,8,N/A,N/A
N/A,N/A,N/A,325,N/A,N/A,N/A,N/A,N/A,N/A
N/A,N/A,N/A,N/A,N/A,N/A,N/A,N/A,N/A,N/A
N/A,N/A,N/A,N/A,N/A,N/A,N/A,N/A,N/A,N/A
N/A,4.6,N/A,190,2,28.8,8’8”,N/A,N/A,165
N/A,4.6,N/A,195,N/A,30,N/A,N/A,N/A,N/A
N/A,N/A,N/A,N/A,N/A,N/A,N/A,N/A,N/A,N/A
N/A,N/A,N/A,N/A,N/A,N/A,N/A,N/A,N/A,N/A
N/A,Na,N/A,205,N/A,Na,N/A,Na,N/A,N/A
N/A,N/A,N/A,255,N/A,N/A,N/A,N/A,N/A,N/A
N/A,N/A,N/A,315,N/A,27,N/A,10,N/A,N/A
N/A,N/A,N/A,N/A,N/A,N/A,N/A,N/A,N/A,N/A
N/A,N/A,N/A,240,N/A,N/A,N/A,N/A,N/A,N/A
N/A,N/A,N/A,N/A,N/A,N/A,N/A,N/A,N/A,N/A
N/A,N/A,N/A,235,N/A,N/A,N/A,10,N/A,N/A
N/A,N/A,N/A,275,N/A,N/A,N/A,3,N/A,N/A
N/A,4.44,N/A,235,N/A,N/A,N/A,2,N/A,N/A
N/A,4.33,N/A,135,N/A,N/A,N/A,0,N/A,N/A
N/A,5,N/A,225,N/A,27 in,N/A,1,N/A,N/A
N/A,N/A,N/A,N/A,N/A,N/A,N/A,N/A,N/A,N/A
N/A,N/A,N/A,235,N/A,N/A,N/A,2,N/A,N/A
N/A,N/A,N/A,N/A,N/A,N/A,N/A,N/A,N/A,N/A
N/A,4.735,N/A,162,N/A,19.9,N/A,0,N/A,N/A
N/A,N/A,N/A,175,N/A,6,N/A,N/A,N/A,N/A
N/A,N/A,N/A,210,N/A,N/A,N/A,N/A,N/A,N/A
N/A,N/A,N/A,N/A,N/A,N/A,N/A,N/A,N/A,N/A
Coach,N/A,N/A,N/A,N/A,N/A,N/A,N/A,N/A,N/A
N/A,4.57,N/A,175,N/A,N/A,"9'7""",N/A,N/A,165
N/A,N/A,N/A,185,N/A,9.8,N/A,N/A,N/A,N/A
N/A,N/A,N/A,245,N/A,N/A,N/A,5,N/A,N/A
Nick Showman ,N/A,N/A,200,8,N/A,34',5,N/A,N/A
N/A,N/A,N/A,N/A,N/A,28,N/A,N/A,N/A,N/A
N/A,N/A,N/A,N/A,N/A,N/A,N/A,N/A,N/A,N/A
N/A,N/A,N/A,155,N/A,N/A,N/A,N/A,N/A,N/A
N/A,N/A,N/A,N/A,N/A,N/A,N/A,N/A,N/A,N/A
track coach,N/A,N/A,235,N/A,N/A,N/A,1,N/A,225
N/A,4.35,N/A,170,N/A,N/A,"8'8""",N/A,N/A,185
N/A,N/A,N/A,N/A,N/A,N/A,N/A,N/A,N/A,N/A
N/A,N/A,N/A,N/A,N/A,N/A,N/A,N/A,N/A,N/A
N/A,N/A,N/A,235,10,N/A,N/A,1,N/A,N/A
N/A,N/A,N/A,195,N/A,N/A,N/A,N/A,N/A,N/A
N/A,N/A,N/A,130,N/A,N/A,N/A,N/A,N/A,N/A
N/A,N/A,N/A,N/A,N/A,N/A,N/A,N/A,N/A,N/A
N/A,N/A,N/A,185,N/A,N/A,N/A,N/A,N/A,N/A
N/A,3.2,N/A,145,N/A,34,N/A,115,N/A,N/A
N/A,5.26,N/A,205,N/A,N/A,N/A,N/A,N/A,N/A
N/A,N/A,N/A,N/A,N/A,N/A,N/A,N/A,N/A,N/A
N/A,N/A,N/A,N/A,N/A,N/A,N/A,N/A,N/A,N/A
N/A,N/A,N/A,N/A,N/A,N/A,N/A,N/A,N/A,N/A
N/A,N/A,N/A,N/A,N/A,N/A,N/A,N/A,N/A,N/A
N/A,N/A,N/A,220,6,N/A,N/A,N/A,N/A,N/A
N/A,N/A,N/A,265,N/A,"30""",N/A,6,N/A,N/A
N/A,N/A,N/A,175,N/A,N/A,N/A,N/A,N/A,N/A
TAD,N/A,N/A,275,14,N/A,N/A,6,N/A,225
N/A,N/A,N/A,N/A,N/A,N/A,N/A,N/A,N/A,N/A
N/A,N/A,N/A,N/A,N/A,N/A,N/A,N/A,N/A,N/A
N/A,N/A,N/A,210,N/A,N/A,N/A,N/A,N/A,N/A
N/A,4.9,N/A,225,N/A,27,N/A,1,N/A,N/A
N/A,N/A,N/A,N/A,N/A,N/A,N/A,N/A,N/A,N/A
N/A,N/A,N/A,N/A,N/A,N/A,N/A,N/A,N/A,N/A
N/A,N/A,N/A,295,N/A,34,N/A,6,N/A,N/A
N/A,N/A,N/A,N/A,N/A,N/A,N/A,N/A,N/A,N/A
N/A,3.2,N/A,205,N/A,32,N/A,0,N/A,N/A
N/A,N/A,N/A,N/A,N/A,N/A,N/A,N/A,N/A,N/A
N/A,N/A,N/A,N/A,N/A,N/A,N/A,N/A,N/A,N/A
N/A,N/A,N/A,225,N/A,N/A,N/A,1,N/A,N/A
N/A,N/A,N/A,N/A,N/A,N/A,N/A,N/A,N/A,N/A
N/A,N/A,N/A,N/A,N/A,N/A,N/A,N/A,N/A,N/A
N/A,N/A,N/A,225,N/A,N/A,N/A,1,N/A,N/A
N/A,n/a,N/A,125,N/A,n/-,N/A,100,N/A,N/A
N/A,N/A,N/A,205,N/A,N/A,N/A,N/A,N/A,N/A
N/A,N/A,N/A,N/A,N/A,N/A,N/A,N/A,N/A,N/A
Fellow athlete,N/A,N/A,300,26,N/A,N/A,18,N/A,N/A
N/A,N/A,N/A,N/A,N/A,N/A,N/A,N/A,N/A,N/A
N/A,N/A,N/A,230,N/A,N/A,N/A,2,N/A,N/A
N/A,N/A,N/A,N/A,N/A,N/A,N/A,N/A,N/A,N/A
N/A,N/A,N/A,190,N/A,N/A,7’4”,0,N/A,N/A
N/A,N/A,N/A,N/A,N/A,N/A,N/A,N/A,N/A,N/A
N/A,N/A,N/A,N/A,N/A,N/A,N/A,N/A,N/A,N/A
N/A,N/A,N/A,N/A,N/A,N/A,N/A,N/A,N/A,N/A
N/A,N/A,N/A,N/A,N/A,N/A,N/A,N/A,N/A,N/A
N/A,N/A,N/A,275,19,N/A,N/A,10,N/A,N/A
N/A,N/A,N/A,N/A,N/A,N/A,N/A,N/A,N/A,N/A
N/A,N/A,N/A,265,N/A,N/A,N/A,5,N/A,N/A
N/A,None,N/A,55,N/A,None,N/A,None,N/A,N/A
N/A,N/A,N/A,N/A,N/A,N/A,N/A,N/A,N/A,N/A
N/A,N/A,N/A,165,N/A,N/A,N/A,N/A,N/A,N/A
N/A,N/A,N/A,195,N/A,N/A,N/A,N/A,N/A,N/A
N/A,N/A,N/A,N/A,N/A,N/A,N/A,N/A,N/A,N/A
N/A,N/A,N/A,N/A,N/A,N/A,N/A,N/A,N/A,N/A
N/A,N/A,N/A,N/A,N/A,N/A,N/A,N/A,N/A,N/A
N/A,N/A,N/A,265,N/A,N/A,N/A,10 reps,N/A,N/A
N/A,N/A,N/A,N/A,N/A,N/A,N/A,N/A,N/A,N/A
N/A,N/A,N/A,N/A,N/A,N/A,N/A,N/A,N/A,N/A
N/A,N/A,N/A,255,N/A,20,N/A,10,N/A,N/A
N/A,N/A,N/A,315,N/A,N/A,N/A,10,N/A,N/A
N/A,N/A,N/A,205,N/A,29,N/A,N/A,N/A,N/A
N/A,N/A,N/A,215,N/A,N/A,N/A,N/A,N/A,N/A
N/A,N/A,N/A,N/A,N/A,N/A,N/A,N/A,N/A,N/A
N/A,N/A,N/A,N/A,N/A,N/A,N/A,N/A,N/A,N/A
N/A,N/A,N/A,N/A,N/A,N/A,N/A,N/A,N/A,N/A
N/A,N/A,N/A,175,N/A,26in,N/A,N/A,N/A,N/A
N/A,N/A,N/A,150,N/A,22,N/A,0,N/A,N/A
N/A,N/A,N/A,N/A,N/A,N/A,N/A,N/A,N/A,N/A
John Koehler ,N/A,N/A,N/A,N/A,N/A,N/A,N/A,N/A,N/A
N/A,3.15,N/A,185,N/A,22,N/A,0,N/A,N/A
N/A,N/A,N/A,175,N/A,N/A,N/A,N/A,N/A,N/A
N/A,N/A,N/A,N/A,N/A,N/A,N/A,N/A,N/A,N/A
N/A,7.5,N/A,190,N/A,20,N/A,0,N/A,N/A
N/A,5.15,N/A,200,4,19,N/A,0,N/A,185
N/A,N/A,N/A,N/A,N/A,N/A,N/A,N/A,N/A,N/A
N/A,4.2,N/A,N/A,N/A,9'0,N/A,N/A,N/A,N/A
N/A,4.6,N/A,145,N/A,28,N/A,N/A,N/A,N/A
N/A,N/A,N/A,265,N/A,N/A,N/A,N/A,N/A,N/A
Ryan Jones,N/A,N/A,205,N/A,N/A,N/A,N/A,N/A,N/A
N/A,N/A,N/A,150,N/A,N/A,N/A,N/A,N/A,N/A
N/A,N/A,N/A,220,N/A,N/A,N/A,N/A,N/A,N/A
N/A,N/A,N/A,N/A,N/A,N/A,N/A,N/A,N/A,N/A
N/A,N/A,N/A,190,N/A,N/A,N/A,0,N/A,N/A
N/A,N/A,N/A,190,N/A,N/A,N/A,N/A,N/A,N/A
N/A,5,N/A,N/A,N/A,7,N/A,N/A,N/A,N/A
N/A,N/A,N/A,135,N/A,N/A,N/A,N/A,N/A,N/A
N/A,N/A,N/A,95,N/A,N/A,N/A,N/A,N/A,N/A
N/A,-,N/A,N/A,N/A,N/A,N/A,N/A,N/A,N/A
N/A,N/A,N/A,165,N/A,N/A,N/A,N/A,N/A,N/A
N/A,N/A,N/A,185,N/A,35.2,9’5’’,N/A,N/A,N/A
N/A,N/A,N/A,N/A,N/A,N/A,N/A,N/A,N/A,N/A
N/A,2.3,N/A,235,N/A,30,N/A,4,N/A,N/A
N/A,4.15,N/A,235,N/A,30 inches,N/A,2,N/A,N/A
N/A,N/A,N/A,N/A,N/A,N/A,N/A,N/A,N/A,N/A
Coach ,N/A,N/A,265,N/A,22.3,N/A,15,N/A,N/A
N/A,N/A,N/A,N/A,N/A,N/A,N/A,N/A,N/A,N/A
N/A,N/A,N/A,N/A,N/A,N/A,N/A,N/A,N/A,N/A
N/A,N/A,N/A,N/A,N/A,N/A,N/A,N/A,N/A,N/A
N/A,N/A,N/A,235,N/A,N/A,N/A,4,N/A,N/A
N/A,N/A,N/A,N/A,N/A,N/A,N/A,N/A,N/A,N/A
N/A,N/A,N/A,N/A,N/A,N/A,N/A,N/A,N/A,N/A
N/A,N/A,N/A,155,N/A,N/A,N/A,115,N/A,N/A
N/A,N/A,N/A,295,N/A,N/A,N/A,N/A,N/A,N/A
N/A,N/A,N/A,155,N/A,N/A,N/A,N/A,N/A,N/A
N/A,N/A,N/A,215,N/A,N/A,N/A,N/A,N/A,N/A
N/A,N/A,N/A,N/A,N/A,N/A,N/A,N/A,N/A,N/A
N/A,4.47,N/A,115,N/A,N/A,N/A,N/A,N/A,N/A
Athletic Trainer,N/A,N/A,250LBS,N/A,21 inches,N/A,N/A,N/A,N/A
N/A,N/A,N/A,N/A,N/A,N/A,N/A,N/A,N/A,N/A
N/A,N/A,N/A,N/A,N/A,N/A,N/A,N/A,N/A,N/A
N/A,N/A,N/A,245,N/A,N/A,N/A,N/A,N/A,N/A
N/A,N/A,N/A,N/A,N/A,N/A,N/A,N/A,N/A,N/A
N/A,N/A,N/A,N/A,N/A,N/A,N/A,N/A,N/A,N/A
N/A,N/A,N/A,N/A,N/A,N/A,N/A,N/A,N/A,N/A
N/A,N/A,N/A,N/A,N/A,N/A,N/A,N/A,N/A,N/A
N/A,N/A,N/A,N/A,N/A,N/A,N/A,N/A,N/A,N/A
N/A,N/A,N/A,155,N/A,N/A,N/A,N/A,N/A,N/A
N/A,N/A,N/A,N/A,N/A,N/A,N/A,N/A,N/A,N/A
N/A,N/A,N/A,240,N/A,33,N/A,2 or 3,N/A,N/A
N/A,N/A,N/A,N/A,N/A,N/A,N/A,N/A,N/A,N/A
N/A,N/A,N/A,255,N/A,N/A,N/A,4,N/A,N/A
N/A,N/A,N/A,N/A,N/A,N/A,N/A,105,N/A,N/A
N/A,N/A,N/A,N/A,N/A,N/A,N/A,N/A,N/A,N/A
N/A,N/A,N/A,N/A,N/A,N/A,N/A,N/A,N/A,N/A
Coach weber,4.7,N/A,N/A,N/A,N/A,"9' 11""",N/A,N/A,N/A
N/A,N/A,N/A,N/A,N/A,N/A,N/A,N/A,N/A,N/A
N/A,N/A,N/A,195,N/A,N/A,N/A,N/A,N/A,N/A
N/A,N/A,N/A,170,N/A,N/A,N/A,N/A,N/A,N/A
N/A,N/A,N/A,N/A,N/A,N/A,N/A,N/A,N/A,N/A
N/A,N/A,N/A,N/A,N/A,N/A,N/A,N/A,N/A,N/A
N/A,N/A,N/A,250,N/A,7,N/A,4,N/A,N/A
N/A,N/A,N/A,180,N/A,N/A,N/A,N/A,N/A,N/A
N/A,N/A,N/A,230,8,29,N/A,1,N/A,215
Estimate,N/A,N/A,N/A,N/A,N/A,N/A,N/A,N/A,175
N/A,5.8,N/A,N/A,N/A,N/A,N/A,10,N/A,N/A
N/A,N/A,N/A,N/A,N/A,N/A,N/A,N/A,N/A,N/A
N/A,5.4,N/A,325,25,N/A,N/A,13,N/A,260
N/A,N/A,N/A,175,N/A,N/A,N/A,N/A,N/A,N/A
N/A,4.9,N/A,N/A,N/A,N/A,N/A,N/A,N/A,N/A
N/A,N/A,N/A,N/A,N/A,N/A,N/A,N/A,N/A,N/A
N/A,N/A,N/A,230,N/A,N/A,N/A,2,N/A,N/A
N/A,5.6,N/A,195,N/A,Idk,N/A,Nun,N/A,N/A
N/A,N/A,N/A,125,N/A,N/A,N/A,0,N/A,N/A
N/A,N/A,N/A,N/A,N/A,N/A,N/A,N/A,N/A,N/A
N/A,N/A,N/A,215,N/A,N/A,N/A,N/A,N/A,N/A
N/A,N/A,N/A,240,N/A,28.6 in.,8 ft.,N/A,N/A,N/A
N/A,N/A,N/A,165,N/A,19.5,N/A,0,N/A,N/A
N/A,2.5,N/A,N/A,N/A,N/A,N/A,N/A,N/A,N/A
N/A,N/A,N/A,N/A,N/A,N/A,N/A,N/A,N/A,N/A
N/A,N/A,N/A,205,N/A,28,N/A,0,N/A,N/A
N/A,N/A,N/A,315,N/A,26in,N/A,13,N/A,N/A
N/A,N/A,N/A,200,N/A,N/A,N/A,N/A,N/A,N/A
N/A,N/A,N/A,N/A,N/A,N/A,N/A,N/A,N/A,N/A
N/A,N/A,N/A,230,15,N/A,N/A,2,N/A,N/A
N/A,N/A,N/A,1,N/A,N/A,N/A,225,N/A,N/A
N/A,N/A,N/A,N/A,N/A,N/A,N/A,N/A,N/A,N/A
N/A,N/A,N/A,140,N/A,N/A,N/A,N/A,N/A,N/A
N/A,N/A,N/A,N/A,N/A,18.9,N/A,N/A,N/A,N/A
N/A,N/A,N/A,N/A,N/A,N/A,N/A,N/A,N/A,N/A
FAT,4.3,N/A,265,15,"28""","8'6""",5,N/A,N/A
N/A,N/A,N/A,N/A,N/A,N/A,N/A,N/A,N/A,N/A
N/A,N/A,N/A,N/A,N/A,N/A,N/A,N/A,N/A,N/A
N/A,N/A,N/A,N/A,N/A,N/A,N/A,N/A,N/A,N/A
N/A,N/A,N/A,235,N/A,N/A,N/A,4,N/A,N/A
N/A,4.6,N/A,235,N/A,8,N/A,2,N/A,N/A
Strength & Conditioning Coach,4.85,N/A,270,12,N/A,78 inches,1,N/A,N/A
N/A,N/A,N/A,225,N/A,N/A,N/A,1,N/A,N/A
N/A,N/A,N/A,265,N/A,25.5,N/A,6,N/A,N/A
N/A,N/A,N/A,N/A,N/A,N/A,N/A,N/A,N/A,N/A
N/A,N/A,N/A,N/A,N/A,N/A,N/A,N/A,N/A,N/A
N/A,N/A,N/A,N/A,N/A,N/A,N/A,N/A,N/A,N/A
N/A,N/A,N/A,N/A,N/A,N/A,N/A,N/A,N/A,N/A
N/A,5.1,N/A,205,N/A,41,N/A,0,N/A,N/A
N/A,N/A,N/A,N/A,N/A,N/A,N/A,N/A,N/A,N/A
N/A,N/A,N/A,200,N/A,N/A,N/A,200,N/A,N/A
N/A,N/A,N/A,250,N/A,N/A,N/A,245,N/A,N/A
N/A,N/A,N/A,N/A,N/A,N/A,N/A,N/A,N/A,N/A
N/A,N/A,N/A,N/A,N/A,N/A,N/A,N/A,N/A,N/A
N/A,N/A,N/A,N/A,N/A,N/A,N/A,N/A,N/A,N/A
N/A,N/A,N/A,130,N/A,N/A,N/A,N/A,N/A,N/A
N/A,N/A,N/A,N/A,N/A,N/A,N/A,N/A,N/A,N/A
N/A,N/A,N/A,N/A,N/A,N/A,N/A,N/A,N/A,N/A
N/A,N/A,N/A,N/A,N/A,N/A,N/A,N/A,N/A,N/A
N/A,N/A,N/A,N/A,N/A,N/A,N/A,N/A,N/A,N/A
N/A,N/A,N/A,225,N/A,N/A,N/A,1,N/A,N/A
N/A,N/A,N/A,215,N/A,N/A,N/A,N/A,N/A,N/A
N/A,5.2 seconds,N/A,205,N/A,1ft,N/A,0,N/A,N/A
N/A,N/A,N/A,N/A,N/A,20,N/A,N/A,N/A,N/A
N/A,N/A,N/A,N/A,N/A,N/A,N/A,N/A,N/A,N/A
N/A,N/A,N/A,N/A,N/A,N/A,N/A,N/A,N/A,N/A
N/A,N/A,N/A,N/A,N/A,N/A,N/A,N/A,N/A,N/A
N/A,N/A,N/A,N/A,N/A,N/A,N/A,N/A,N/A,N/A
N/A,N/A,N/A,225,N/A,N/A,N/A,1,N/A,N/A
N/A,N/A,N/A,175,N/A,N/A,N/A,N/A,N/A,N/A
N/A,N/A,N/A,275,N/A,N/A,N/A,5,N/A,N/A
N/A,N/A,N/A,155,N/A,21,N/A,0,N/A,135
N/A,N/A,N/A,N/A,N/A,N/A,N/A,N/A,N/A,N/A
N/A,N/A,N/A,170,N/A,N/A,N/A,N/A,N/A,N/A
N/A,4.1,N/A,225,10,29,N/A,1,N/A,205
N/A,4.1,N/A,185,N/A,N/A,N/A,N/A,N/A,N/A
N/A,N/A,N/A,185,1,N/A,N/A,0,N/A,185
N/A,N/A,N/A,N/A,N/A,N/A,N/A,N/A,N/A,N/A
N/A,N/A,N/A,N/A,N/A,N/A,N/A,N/A,N/A,N/A
N/A,N/a,N/A,180,N/A,N/A,N/A,180,N/A,N/A
N/A,N/A,N/A,180,N/A,N/A,N/A,N/A,N/A,N/A
Coach Tobin Stepsis,N/A,N/A,250lbs,N/A,N/A,N/A,N/A,N/A,N/A
N/A,N/A,N/A,N/A,N/A,N/A,N/A,N/A,N/A,N/A
N/A,N/A,N/A,N/A,N/A,N/A,N/A,N/A,N/A,N/A
N/A,Dont know,N/A,145,N/A,I dont know,N/A,3,N/A,N/A
N/A,4.5,N/A,135,N/A,17,N/A,N/A,N/A,N/A
N/A,1.18,N/A,N/A,N/A,22,N/A,N/A,N/A,N/A
N/A,N/A,N/A,125,N/A,N/A,N/A,N/A,N/A,N/A
Defensive Coordinator Rodney Porter,none,N/A,205,N/A,none,N/A,1 rep,N/A,N/A
N/A,N/A,N/A,230,N/A,N/A,N/A,5,N/A,N/A
N/A,N/A,N/A,N/A,N/A,N/A,N/A,N/A,N/A,N/A
N/A,N/A,N/A,245,N/A,N/A,N/A,2,N/A,N/A
N/A,N/A,N/A,135,N/A,N/A,N/A,N/A,N/A,N/A
N/A,N/A,N/A,N/A,N/A,N/A,N/A,N/A,N/A,N/A
N/A,N/A,N/A,185,N/A,N/A,N/A,0,N/A,N/A
N/A,N/A,N/A,N/A,N/A,N/A,N/A,N/A,N/A,N/A
N/A,N/A,N/A,165,N/A,N/A,N/A,N/A,N/A,N/A
N/A,N/A,N/A,N/A,N/A,N/A,N/A,N/A,N/A,N/A
N/A,4.5,N/A,250,N/A,36,N/A,3,N/A,N/A
N/A,N/A,N/A,195,2,N/A,N/A,N/A,N/A,185
N/A,N/A,N/A,195,N/A,N/A,N/A,N/A,N/A,N/A
nuc camp,4.11,11.8,225,10,31,8.3,N/A,N/A,250
N/A,N/A,N/A,N/A,N/A,26,N/A,N/A,N/A,N/A
N/A,N/A,N/A,N/A,N/A,N/A,N/A,N/A,N/A,N/A
N/A,N/A,N/A,240,7,N/A,N/A,5,N/A,365
N/A,N/A,N/A,N/A,N/A,N/A,N/A,N/A,N/A,N/A
N/A,1,N/A,N/A,N/A,2',N/A,N/A,N/A,N/A
N/A,N/A,N/A,170,N/A,N/A,N/A,0,N/A,N/A
N/A,N/A,N/A,N/A,N/A,N/A,N/A,N/A,N/A,N/A
N/A,N/A,N/A,N/A,N/A,N/A,N/A,N/A,N/A,N/A
N/A,2,N/A,200,N/A,30,N/A,1,N/A,N/A
N/A,N/A,N/A,N/A,N/A,N/A,N/A,N/A,N/A,N/A
N/A,N/A,N/A,N/A,N/A,N/A,N/A,N/A,N/A,N/A
N/A,N/A,N/A,N/A,N/A,N/A,N/A,N/A,N/A,N/A
N/A,N/A,N/A,205,2,N/A,"8'7""",N/A,N/A,195
N/A,N/A,N/A,N/A,N/A,N/A,N/A,N/A,N/A,N/A
N/A,N/A,N/A,155,N/A,N/A,N/A,0,N/A,N/A
N/A,4.5,N/A,125,N/A,N/A,N/A,0,N/A,N/A
N/A,N/A,N/A,N/A,N/A,N/A,N/A,N/A,N/A,N/A
N/A,N/A,N/A,N/A,N/A,15-20,N/A,N/A,N/A,N/A
N/A,N/A,N/A,N/A,N/A,N/A,N/A,N/A,N/A,N/A
N/A,N/A,N/A,N/A,N/A,N/A,N/A,N/A,N/A,N/A
N/A,N/A,N/A,170,N/A,25’,N/A,0,N/A,N/A
N/A,N/A,N/A,N/A,N/A,N/A,N/A,N/A,N/A,N/A
N/A,23,N/A,205,N/A,7,N/A,0,N/A,N/A
N/A,N/A,N/A,N/A,N/A,N/A,N/A,N/A,N/A,N/A
N/A,N/A,N/A,N/A,N/A,N/A,N/A,N/A,N/A,N/A
N/A,N/A,N/A,N/A,N/A,N/A,N/A,N/A,N/A,N/A
N/A,N/A,N/A,200,N/A,N/A,N/A,0,N/A,N/A
N/A,2.1,N/A,185,N/A,30,N/A,N/A,N/A,N/A
N/A,N/A,N/A,170,N/A,I don’t know ,N/A,0,N/A,N/A
N/A,N/A,N/A,325,N/A,28,N/A,12,N/A,N/A
N/A,N/A,N/A,N/A,N/A,N/A,N/A,N/A,N/A,N/A
N/A,N/A,N/A,N/A,N/A,N/A,N/A,N/A,N/A,N/A
Just a Educated Guess,N/A,N/A,N/A,N/A,N/A,N/A,N/A,N/A,N/A
N/A,N/A,N/A,200,N/A,N/A,N/A,N/A,N/A,200
N/A,N/A,N/A,N/A,N/A,N/A,N/A,N/A,N/A,N/A
N/A,N/A,N/A,N/A,N/A,N/A,N/A,N/A,N/A,N/A
N/A,N/A,N/A,N/A,N/A,N/A,N/A,N/A,N/A,N/A
N/A,N/A,N/A,N/A,N/A,N/A,N/A,N/A,N/A,N/A
N/A,N/A,N/A,N/A,N/A,N/A,N/A,N/A,N/A,N/A
N/A,N/A,N/A,N/A,N/A,N/A,N/A,N/A,N/A,N/A
Ohio State Football Staff,N/A,N/A,205,3,N/A,9’10”,N/A,N/A,205
N/A,N/A,N/A,N/A,N/A,N/A,N/A,N/A,N/A,N/A
N/A,N/A,N/A,185,N/A,N/A,N/A,0,N/A,N/A
N/A,N/A,N/A,N/A,N/A,N/A,N/A,N/A,N/A,N/A
N/A,4.65,N/A,130,N/A,30,N/A,0,N/A,N/A
N/A,N/A,N/A,N/A,N/A,N/A,N/A,N/A,N/A,N/A
N/A,N/A,N/A,155,N/A,N/A,N/A,N/A,N/A,N/A
N/A,N/A,N/A,N/A,N/A,N/A,N/A,N/A,N/A,N/A
N/A,N/A,N/A,N/A,N/A,N/A,N/A,N/A,N/A,N/A
N/A,na,N/A,na,N/A,na,N/A,na,N/A,N/A
N/A,N/A,N/A,N/A,N/A,N/A,N/A,N/A,N/A,N/A
N/A,N/A,N/A,N/A,N/A,22,85,N/A,N/A,N/A
N/A,N/A,N/A,N/A,N/A,N/A,N/A,N/A,N/A,N/A
N/A,N/A,N/A,195,3,29 in.,102”,N/A,N/A,N/A
N/A,N/A,N/A,N/A,N/A,N/A,N/A,N/A,N/A,N/A
Hand,N/A,N/A,225,6,N/A,N/A,1,N/A,205
N/A,N/A,N/A,N/A,N/A,N/A,N/A,N/A,N/A,N/A
N/A,N/A,N/A,N/A,N/A,N/A,N/A,N/A,N/A,N/A
N/A,N/A,N/A,160,N/A,N/A,N/A,N/A,N/A,N/A
N/A,?,N/A,?,N/A,29,N/A,?,N/A,N/A
N/A,N/A,N/A,N/A,N/A,N/A,N/A,N/A,N/A,N/A
N/A,N/A,N/A,N/A,N/A,N/A,N/A,N/A,N/A,N/A
N/A,N/A,N/A,255,N/A,30,N/A,3,N/A,N/A
N/A,N/A,N/A,N/A,N/A,N/A,N/A,N/A,N/A,N/A
N/A,N/A,N/A,195,N/A,N/A,N/A,0,N/A,N/A
N/A,N/A,N/A,N/A,N/A,N/A,N/A,N/A,N/A,N/A
N/A,N/A,N/A,185,N/A,N/A,N/A,N/A,N/A,N/A
N/A,N/A,N/A,N/A,N/A,N/A,N/A,N/A,N/A,N/A
N/A,N/A,N/A,N/A,N/A,N/A,N/A,N/A,N/A,N/A
N/A,N/A,N/A,155,N/A,N/A,N/A,N/A,N/A,N/A
N/A,N/A,N/A,210,N/A,N/A,N/A,N/A,N/A,N/A
N/A,N/A,N/A,N/A,N/A,N/A,N/A,N/A,N/A,N/A
N/A,N/A,N/A,N/A,N/A,N/A,N/A,N/A,N/A,N/A
N/A,N/A,N/A,140,N/A,N/A,N/A,0,N/A,N/A
N/A,N/A,N/A,N/A,N/A,N/A,N/A,N/A,N/A,N/A
N/A,N/A,N/A,185,N/A,N/A,N/A,0,N/A,N/A
N/A,N/A,N/A,N/A,N/A,N/A,N/A,N/A,N/A,N/A
